model,n_estimators,max_samples,base_max_depth,base_min_samples_leaf,test_accuracy_mean,test_accuracy_std,train_accuracy_mean,train_accuracy_std,test_balanced_accuracy_mean,test_balanced_accuracy_std,train_balanced_accuracy_mean,train_balanced_accuracy_std,test_precision_mean,test_precision_std,train_precision_mean,train_precision_std,test_recall_mean,test_recall_std,train_recall_mean,train_recall_std,test_f1_mean,test_f1_std,train_f1_mean,train_f1_std,test_roc_auc_mean,test_roc_auc_std,train_roc_auc_mean,train_roc_auc_std,test_pr_auc_mean,test_pr_auc_std,train_pr_auc_mean,train_pr_auc_std
Bagging trees=200 samples=0.8 depth=6 leaf=1,200,0.8,6.0,1,0.7999665879171192,0.011583969246130522,0.8250356588164441,0.002912204704853875,0.7053329720592221,0.012536274398819216,0.7400731991859393,0.006825920689070021,0.6629322393791749,0.03373735304217512,0.7191965426268923,0.00707041848701311,0.5036789297658862,0.019340243872643412,0.5590301003344482,0.01633840025160433,0.5720738120328113,0.020717289624816528,0.6289112763811777,0.010015058422873086,0.8470579227977229,0.010199765361400036,0.8936786589478428,0.0014295814348838142,0.6680738683551415,0.01816794222493272,0.7450202794713379,0.002528280256451297
Bagging trees=50 samples=0.8 depth=6 leaf=1,50,0.8,6.0,1,0.8004994475974033,0.013214460978747483,0.8255681539649748,0.0027756391751744313,0.7050541192213554,0.016898408113631972,0.7425720786628269,0.00648078818272165,0.6647392250178845,0.03449098890723652,0.717299226113262,0.006762482334342763,0.5016722408026756,0.02667210974899916,0.5657190635451506,0.015513131964293143,0.5716115628836796,0.02797033390496319,0.6324060879190525,0.00934548746434235,0.8460039663372708,0.01094782907843742,0.8933309199961809,0.0011419206149229169,0.667503692232175,0.019204542735953994,0.7437357161045127,0.0020636704135565836
Bagging trees=100 samples=0.8 depth=6 leaf=1,100,0.8,6.0,1,0.80156406372882,0.011638029169324503,0.824858137464959,0.00243131180895733,0.7074883046493372,0.013235757083141408,0.740433104279161,0.0067144684026957625,0.6666055991492027,0.03321120387766396,0.717806738258612,0.007298198645263867,0.5070234113712375,0.021215721106560125,0.5605351170568562,0.017091249998195644,0.5756092437834256,0.021781817466228308,0.6292879687022792,0.009554070412043012,0.8470806455365857,0.009477429627952278,0.8934905860611035,0.0013943516327361643,0.6673389609577368,0.017769297537790028,0.7439036279039842,0.0025014886168139034
Bagging trees=200 samples=0.8 depth=6 leaf=10,200,0.8,6.0,10,0.8010319920693585,0.012376911527664295,0.8218851913094272,0.002898153962182268,0.7075531901986872,0.014700336159950712,0.7361664126514986,0.006528289237087443,0.6640542971240645,0.03386496753558348,0.7113296520365795,0.007318497690955366,0.5083612040133779,0.023074499412254618,0.5535117056856188,0.01558865710558046,0.5755814609367714,0.024187775024077124,0.6224213784743273,0.009649949321797654,0.8475287503723467,0.01014686825727478,0.8858334885725172,0.0015628076017254345,0.6672268553322317,0.019106258001965727,0.7334349573403967,0.0024692835884921123
Bagging trees=100 samples=0.8 depth=6 leaf=10,100,0.8,6.0,10,0.8010318344651939,0.011019714673339495,0.8218851322472054,0.0023171236597427872,0.7088348033684767,0.01281981319575717,0.7373414804216119,0.006032003027366002,0.6622624351958494,0.030275222375683912,0.7093599673133169,0.006231238681109171,0.5123745819397992,0.020111433282104213,0.5571906354515049,0.015055740328223943,0.5775069805000679,0.021074730537511892,0.6239812595781955,0.008684541131424663,0.847213890274535,0.010356356886649846,0.8856091124518691,0.0015484224225820395,0.6668102893963479,0.018270186983882,0.7326692430569594,0.002601226865314192
Bagging trees=50 samples=0.632 depth=6 leaf=10,50,0.632,6.0,10,0.7994343586534931,0.013412242580880276,0.8221513256811006,0.0028577894908841275,0.7051847665445793,0.01250820609734358,0.7376828780140205,0.007866678587468983,0.6618074699748204,0.04070421385100518,0.7099221405972452,0.00336910855474958,0.5043478260869565,0.01630241820328285,0.5576923076923077,0.018785748053489804,0.5719308270903375,0.02091706045813169,0.624477332831789,0.011384015960941482,0.8470154234662226,0.011094039609474003,0.883804153019599,0.0015955768486500994,0.6665220243944354,0.01785132808255313,0.7289827844768654,0.003041963285240655
Bagging trees=100 samples=0.632 depth=6 leaf=10,100,0.632,6.0,10,0.8015642213329844,0.011823621749032377,0.8217963223529445,0.0023305666208334784,0.707274629435662,0.012180078617928525,0.7358388956846995,0.0073742915413662095,0.6671141514326283,0.03470432648461952,0.7115057460528273,0.005090801225604554,0.5063545150501672,0.017262191171322983,0.552675585284281,0.018606262268496515,0.5753912227863471,0.020330276231078966,0.6218878041361361,0.010597787022700575,0.8476277974444759,0.010616627744512679,0.884039658147851,0.0015988550022214233,0.6664953202835513,0.0186136810776813,0.7302979128835343,0.0033900642723291813
Bagging trees=200 samples=1.0 depth=6 leaf=1,200,1.0,6.0,1,0.8003215124956462,0.010861019434338055,0.8245920326243965,0.0036068268753988455,0.7051468754507502,0.010858172073646234,0.739664465688227,0.007262518994854518,0.6645608971171034,0.03216862025976631,0.7178963750960123,0.009731976246091179,0.5023411371237458,0.014252358362984953,0.558695652173913,0.016941705875470177,0.5719204520584344,0.018266896302239915,0.628179907797082,0.010846781745535716,0.8465690764521232,0.010830162336603685,0.8936275504101756,0.0014527170401440043,0.6663422394550154,0.017422596628497277,0.7447907731189709,0.002265524276187886
Bagging trees=50 samples=0.8 depth=6 leaf=10,50,0.8,6.0,10,0.8010316768610293,0.012989531650231506,0.8210420879361671,0.0034225819371431383,0.707766719374942,0.015360684916871113,0.7368210909414146,0.0064427284693195225,0.6636389871177686,0.03478941007365485,0.7063592716783692,0.00798104421794509,0.5090301003344482,0.02262412645523445,0.5573578595317726,0.014175631740817901,0.5759409487168795,0.02536333404583413,0.6229667343451933,0.009667665059920448,0.8461866000517217,0.011250558947002831,0.8851498328022703,0.0013941238531446436,0.6662979749603694,0.019356861526243063,0.7320258224051457,0.002236300930441877
Bagging trees=50 samples=1.0 depth=6 leaf=10,50,1.0,6.0,10,0.8004996052015679,0.012489491249702115,0.8213082518389516,0.003062633031318938,0.7078318969991333,0.013377834789369132,0.7365215540834854,0.009864478529951273,0.6618687878184273,0.03578153294898066,0.7082593399802436,0.007139490298313661,0.5103678929765886,0.01922422456615372,0.5558528428093645,0.02504679572401503,0.5760032571850912,0.02223062797508649,0.6224539602553154,0.014132120137629127,0.846591111007957,0.012036899249057457,0.8859380709406262,0.00141493718762001,0.6661719299990889,0.018055351045859088,0.7327459363639584,0.0025890437604095583
Bagging trees=200 samples=0.632 depth=6 leaf=10,200,0.632,6.0,10,0.7994346738618222,0.012856629852739524,0.8215745043350686,0.002827201909441353,0.7036887479740116,0.013073375861101941,0.7348333107180427,0.007714584038975889,0.6631604998605465,0.03785791175561673,0.7123231543494499,0.008727062454391404,0.4996655518394649,0.017391304347826073,0.55,0.01973244147157193,0.5695784127200075,0.02196320264120471,0.6204387746490996,0.011166346291917713,0.8475749626686347,0.010776129760276284,0.8843067039391004,0.0016874409953166493,0.6660434186907932,0.019177540465325903,0.7310121771673591,0.0031609468032549122
Bagging trees=50 samples=1.0 depth=6 leaf=1,50,1.0,6.0,1,0.8003223005164688,0.01381136062879949,0.8246362505411575,0.001997135065405991,0.7064296569199046,0.0148457922819013,0.7405491226838548,0.008072071101158505,0.6634617547921502,0.04076309703173021,0.7167234283082957,0.00784121972860423,0.5063545150501672,0.022345542593297733,0.561371237458194,0.021672137577688863,0.573870771668623,0.024616303112352095,0.6292473478980911,0.01125783943460828,0.8461597272126481,0.01167472591283422,0.8930514092842504,0.0012826048815374519,0.665885405082866,0.016981063041008212,0.7429397015217712,0.0022633986049471855
Bagging trees=50 samples=0.632 depth=6 leaf=1,50,0.632,6.0,1,0.7987243518922744,0.013935340571094228,0.8244588079393014,0.003262126354566378,0.7021374261556166,0.01255874058390388,0.7403215577255011,0.008237629074251561,0.6629841757836147,0.042198043407567554,0.7160063333489625,0.00468217923456828,0.49632107023411376,0.014126228817353086,0.5610367892976589,0.01928522173021873,0.5672028301971982,0.02127990790364838,0.6289242987732065,0.012042094130989084,0.8463817612370814,0.01092771151126037,0.8924015861969904,0.0015829296665776477,0.6658836544470542,0.018477938022353042,0.7419806145677286,0.002890602179769387
Bagging trees=100 samples=1.0 depth=6 leaf=1,100,1.0,6.0,1,0.7989019717857024,0.012316583212804051,0.8250357080349625,0.0031838170408404845,0.7046080423032214,0.0131845122759333,0.740447130809871,0.007463557556383722,0.6594670662658947,0.035437470429778274,0.7186437266444274,0.009182899753727526,0.5036789297658862,0.018990059620840643,0.5602006688963211,0.01835660401346168,0.5708193529434323,0.021924534448099862,0.629368522772533,0.010905115712836028,0.8462738708420826,0.010217417804214647,0.893373107797194,0.0013661136813610355,0.6655855134403834,0.016847607067690805,0.7442437646983451,0.0021140315852937737
Bagging trees=200 samples=0.632 depth=6 leaf=1,200,0.632,6.0,1,0.7996118209427566,0.012481046429344802,0.8249912440256102,0.0034150187770342296,0.7031684952798459,0.011673318422957903,0.7396156737600116,0.00791420827178859,0.6647835421934645,0.03776001486483823,0.7198374253438234,0.008227795307273189,0.4976588628762542,0.013610026721990496,0.5576923076923077,0.01886744174925531,0.5688613626352941,0.01982980339673869,0.6282519794095455,0.011601243356741824,0.8468364353146732,0.010533287998121045,0.8930097798965809,0.0017011684030690056,0.6654800351141665,0.02104944240512608,0.743468072029698,0.0030742569441900244
Bagging trees=200 samples=0.632 depth=None leaf=10,200,0.632,,10,0.8029839196470927,0.011991525093464392,0.8485980105087443,0.0033539024914863214,0.709523448442275,0.014616207719296219,0.772346656124462,0.006210652980859647,0.669879170942665,0.03496462943306389,0.7720205790839595,0.012349931315246317,0.5103678929765886,0.025170418357494003,0.609866220735786,0.015386432930298923,0.5788794364308848,0.023942501229410898,0.6812219366805942,0.008760870187646328,0.8453539552433108,0.010228178015421417,0.9143532134497978,0.0011076494074344584,0.6647996126385607,0.01958146469812213,0.7996131351443052,0.0019036238357602138
Bagging trees=100 samples=0.632 depth=None leaf=10,100,0.632,,10,0.8031613819363563,0.011610400763461964,0.8487753743609714,0.0019460714959333518,0.7092165788869432,0.01673571038774697,0.7727878871774221,0.004783005525851896,0.6703111883602961,0.030620799174367525,0.7720218945984749,0.011255680663983072,0.5090301003344482,0.03089982464869857,0.6108695652173913,0.014056773032553507,0.5782322277105516,0.02718999927845227,0.6818431868988121,0.005946460945527261,0.8453489528511302,0.010102644397297496,0.9137906673686118,0.00091225070476407,0.6647148191687782,0.01903313092244595,0.7980541023692261,0.0015382377850141555
Bagging trees=100 samples=1.0 depth=6 leaf=10,100,1.0,6.0,10,0.8004996052015677,0.012627414887005093,0.8213082715263589,0.00286885438395609,0.7065496996796613,0.014744479034154679,0.735186293736597,0.008148728548085666,0.6632915696456582,0.0347382951810371,0.710437683370086,0.007411212389212623,0.5063545150501673,0.023035686097287695,0.5516722408026756,0.020490238891293134,0.5739757944929508,0.02438441153321164,0.6207826178730758,0.011900388738849856,0.8464976543850465,0.010239674787395842,0.8862909788412328,0.0013644542542720118,0.6646163766388963,0.017512516854410135,0.733525188559496,0.002460067843142518
Bagging trees=200 samples=1.0 depth=6 leaf=10,200,1.0,6.0,10,0.7997891256278556,0.010736888108733902,0.8212639847036721,0.00327991177945687,0.7045707353590747,0.011096350231244528,0.7350493176074572,0.007739817098712836,0.6629518868870111,0.031219762069255117,0.7104152564304561,0.00813362906277522,0.5016722408026755,0.014956976438125675,0.5513377926421406,0.018655793002268294,0.5709196730534565,0.018632425245874086,0.6206237212571901,0.011486948044406677,0.8465954667327635,0.01033804199775419,0.8866046926563836,0.0014053405814524699,0.6645125827240974,0.01775901997251534,0.7340252396463347,0.0024914078605240563
Bagging trees=100 samples=0.632 depth=6 leaf=1,100,0.632,6.0,1,0.800676909886667,0.011524371843035591,0.8251243702736687,0.003058809599856351,0.7045341586020311,0.01231137901132265,0.7401869953437192,0.007668222081752343,0.6670710388412021,0.03429421786442601,0.7194048265489117,0.006391338090851823,0.4996655518394649,0.018871887598215217,0.5591973244147157,0.01835203333554375,0.5709945878150074,0.02063597114476427,0.6290633133189957,0.011133714082148902,0.8468445587072482,0.010460012890298027,0.8927912592626621,0.001671401432834324,0.6644226262505588,0.02063970182344566,0.7430802486718683,0.0032249702255988085
Bagging trees=200 samples=0.8 depth=None leaf=10,200,0.8,,10,0.8004991323890742,0.011566785605915572,0.8557864538431689,0.002408751099747059,0.7065502838293438,0.015428245006245438,0.7820996278465945,0.004715340854176219,0.6631292986898124,0.03243452776910876,0.7879272194237988,0.011420124863376369,0.5063545150501672,0.028109567076188204,0.6250836120401337,0.012862130115738746,0.5737719732883136,0.02499777844978381,0.6969485725180877,0.006145561652995511,0.8442232680845952,0.009929119200964589,0.9231033160408464,0.000925276031972632,0.6622609042161182,0.019622107735400896,0.8181304421621096,0.0016286710798458096
Bagging trees=50 samples=0.632 depth=None leaf=10,50,0.632,,10,0.8019189883073471,0.009572311627424166,0.848775384204675,0.0017423697157973868,0.7094395443272999,0.012025196952611637,0.7732685378602973,0.004920158658083018,0.6653598489331112,0.029350507040454287,0.7709359507004532,0.010014643817474913,0.5123745819397993,0.023016254895097312,0.6123745819397993,0.014056773032553505,0.5784713086105981,0.0195791734820685,0.6823706742685564,0.0061757516697546104,0.8441524550765939,0.010723109197936802,0.9132177542405403,0.0008303457594477425,0.6619764035572149,0.017494558005647583,0.7964578441157377,0.0011923811002234675
Bagging trees=100 samples=0.8 depth=None leaf=10,100,0.8,,10,0.8003218277039752,0.012538641967098543,0.8562301489411424,0.00264862765089461,0.7068567152724137,0.016380299908228167,0.7834163989308075,0.005739697174626184,0.6619070814743402,0.034190273519357085,0.7872957376374841,0.011428014800463801,0.5076923076923077,0.02833152987899312,0.6282608695652174,0.014971925943544734,0.5742397048278138,0.026688089484198232,0.6986414335887597,0.007424937920498376,0.8434338112791334,0.00985581305654323,0.922796249279618,0.0008142842130786739,0.6601798515852002,0.0198306231904198,0.8172675407077042,0.001381386010885881
Bagging trees=50 samples=0.8 depth=None leaf=10,50,0.8,,10,0.7999673759379418,0.015544226988133458,0.8549433209387978,0.0016639676602039054,0.7053329720592221,0.020139545977001284,0.7825406218037664,0.0052536103454225444,0.6621219880700345,0.04010943883847047,0.7823568051093663,0.005783193045210674,0.5036789297658862,0.03184115113153686,0.6282608695652174,0.013446729426738867,0.5719005700199935,0.033367185337542286,0.6967628280612923,0.006600160601298579,0.8421697206461414,0.010563274135357424,0.9221374620715055,0.0007231301025176238,0.6587702106861999,0.01985353302551507,0.8155798362672808,0.0017227965254318575
Bagging trees=200 samples=1.0 depth=None leaf=10,200,1.0,,10,0.8022740704900387,0.011915800848048455,0.8635962317514961,0.003132844697065134,0.7094671229325034,0.014585657434062382,0.7921685402284492,0.005717784583334663,0.6664864992862152,0.0326898013308194,0.8062700492054535,0.011295994082446786,0.5117056856187291,0.023074499412254618,0.6399665551839465,0.01357093215068461,0.5786810423842358,0.024081473199018825,0.7134043330502468,0.007911934379227714,0.842226670355992,0.009154028850415727,0.9309446468154897,0.0008390178272387072,0.6575269402467201,0.017719559612456515,0.8346570580616319,0.001834915271428256
Bagging trees=100 samples=1.0 depth=None leaf=10,100,1.0,,10,0.8015640637288198,0.01220596798757184,0.8640399465368768,0.002473570688103769,0.7089843232199051,0.015380711079293993,0.7931649079209746,0.005436808389500502,0.6644957995991495,0.03438873793477386,0.806278782640562,0.009764998478418723,0.5117056856187292,0.026755852842809347,0.6421404682274248,0.013677662238580968,0.5777273746761041,0.025008118875625606,0.714753932104406,0.0070434001660652145,0.8423074368643111,0.008698839364750589,0.9304602886745588,0.0006189147245957908,0.6569552990854881,0.017288980874388363,0.8337302723904788,0.0013806331208413801
Bagging trees=50 samples=1.0 depth=None leaf=10,50,1.0,,10,0.8006761218658441,0.012043923585436829,0.8628861955640728,0.0029665276973215413,0.7066710567762037,0.01585711325036872,0.7909375943122152,0.006746345604060729,0.6638245884656456,0.03368451815464432,0.8052678663612476,0.007986906544743131,0.5063545150501673,0.028739198741057955,0.6376254180602007,0.015816604786389077,0.5739880575011743,0.025837189869325226,0.7115490886680819,0.008919354262946952,0.8427316848512072,0.011120899022504228,0.9298099406384976,0.0006136820996654957,0.6563245542714707,0.02011081412651455,0.8319872493249345,0.0020129386594210123
Bagging trees=200 samples=0.632 depth=None leaf=1,200,0.632,,1,0.7946403551767454,0.01116362246138553,0.9845579753785346,0.0012289051348179719,0.6991443667525367,0.01629231519718165,0.9736803774531276,0.002230898329250865,0.64782413651981,0.026504928289772293,0.9909403377448516,0.0020779195849319142,0.49565217391304345,0.029567941277993753,0.9505016722408026,0.004530507419446172,0.5613268290350772,0.02635633650580013,0.970292531425024,0.002416404892872946,0.8290730764610321,0.008745054749778942,0.9993659110729493,8.766094072067479e-05,0.6362322246277019,0.018821353046738917,0.9981836337627878,0.00027293681819167884
Bagging trees=200 samples=0.8 depth=None leaf=1,200,0.8,,1,0.7916234962592652,0.011862710773824522,0.9979144735715261,0.00043463181310377696,0.698372693788287,0.016814898492017404,0.9968713976171003,0.0008169137181052585,0.6368345639888904,0.027695101370568926,0.9974858814016688,0.0009133617611273087,0.49966555183946487,0.029048897325228692,0.9946488294314382,0.0017216772811014995,0.5597762475537194,0.0270575015387048,0.9960641018732813,0.0008232133386057587,0.8262385926947179,0.00837967424851751,0.9998758382058928,3.732558449510625e-05,0.6327116513959482,0.020671014074624326,0.9996561646494783,0.00011798782257528215
Bagging trees=100 samples=0.632 depth=None leaf=1,100,0.632,,1,0.7921558831270558,0.012087836336671279,0.9816737406802275,0.0009055876117078169,0.6974533994590774,0.015395941151906685,0.9689399663363263,0.002118061743983777,0.6403827453585011,0.030585185853289103,0.9886075603101325,0.0026200093779795864,0.49565217391304345,0.025152636357141343,0.9418060200668897,0.004892554795427353,0.5585606416588115,0.02507251905501309,0.9646263533286895,0.0018430766731329618,0.827216817763136,0.009065444516757719,0.9990591272163429,0.00015365021582114334,0.6317906959923041,0.019237522562607856,0.9972283214526133,0.0004748341986604485
Bagging trees=100 samples=0.8 depth=None leaf=1,100,0.8,,1,0.7894934759756093,0.009974990896033872,0.9965832898405695,0.0007885799812898803,0.6935044689697442,0.014169982336230376,0.994363036413087,0.0016196835998925922,0.6340632093131233,0.02378138899988062,0.9974740003686596,0.0007465849791307971,0.4889632107023411,0.024974120003470848,0.9896321070234114,0.003410715393707546,0.5519604696602661,0.02296360235026367,0.9935336586545717,0.0015034411959959713,0.82401563696414,0.008277316050175426,0.9998408652428277,2.8866673494942407e-05,0.6261506728005382,0.019071682765395614,0.9995619563839437,9.861756917164059e-05
Bagging trees=200 samples=1.0 depth=None leaf=1,200,1.0,,1,0.7859442301903387,0.011652246685623778,0.9983138227845908,0.0002261495268416135,0.6923706232023357,0.01718857542171461,0.9975705145320918,0.00021162795776565274,0.6218092848844189,0.026460276365475356,0.9976556415223177,0.0008193111579234164,0.49297658862876254,0.03055033377035245,0.9959866220735785,0.00033444816053513905,0.5497433249160226,0.0275606487855238,0.9968202231493842,0.0004257490537810834,0.8219073445413096,0.008428532030374662,0.9999483109832827,1.7129555740656044e-05,0.6251461541168151,0.018946365160667278,0.9998567382677155,5.002978528079791e-05
Bagging trees=100 samples=1.0 depth=None leaf=1,100,1.0,,1,0.7891385513970821,0.009833785641453272,0.9983138227845908,0.0002261495268416135,0.6964679052437319,0.01721520222040474,0.9977307344660732,0.0004038780317256183,0.629469855631845,0.021247086650555275,0.9971555092864619,0.00040824590830817895,0.49899665551839467,0.0356089141249663,0.9964882943143811,0.0008192273387234568,0.5561996199360557,0.026924724928030875,0.9968215527219687,0.00042749502819236377,0.8208983231602398,0.009074540925425803,0.9999367972744956,2.0246444833605995e-05,0.6218916414706919,0.019441342435159263,0.9998285767863369,5.530456150088733e-05
Bagging trees=50 samples=0.632 depth=None leaf=1,50,0.632,,1,0.7898496613874524,0.010888979766501668,0.977325117253276,0.0013642252612322688,0.6935333619117332,0.012957517856358455,0.962081219392898,0.0021745566341316146,0.635990955572502,0.029971480204618137,0.9840839740202592,0.0036517324894941167,0.48829431438127086,0.020288629950639604,0.929598662207358,0.0043734772008769286,0.5522210780114571,0.021443283987072737,0.9560559231830373,0.0026697256456339634,0.8243369031716806,0.01256271364327661,0.9983590211949995,0.0002286035164629803,0.6217160986297854,0.021260641950503017,0.9949946551545296,0.0007212249443401529
Bagging trees=50 samples=0.8 depth=None leaf=1,50,0.8,,1,0.7887845724435423,0.01095721141754384,0.9930777304120634,0.0004304187413249236,0.6930216692571458,0.012205490144047062,0.9885588487459064,0.000932322741096184,0.6323968323858506,0.02925862280731309,0.9949064188040577,0.0015957102003633422,0.4889632107023411,0.01630241820328285,0.9789297658862877,0.0022058371167680436,0.5513941684230851,0.020299807398753294,0.9868503404624663,0.0008262928248241068,0.8204715036448498,0.009747072129772579,0.9997019309080377,3.899441391468553e-05,0.6179145710629074,0.015921383291179453,0.9991543902177973,0.00010045378275137993
Bagging trees=50 samples=1.0 depth=None leaf=1,50,1.0,,1,0.7855893056118115,0.007658628479537458,0.9978257030520797,0.0003549910779054716,0.6893517376431,0.01211308270090399,0.9967041735368326,0.0006217890231258965,0.6237849880497393,0.019630395557942455,0.9974839211470158,0.0005296995880836644,0.48428093645484954,0.024794318385084464,0.994314381270903,0.0012288410080852085,0.5449515330458155,0.01970411987182679,0.9958961809636797,0.0006713942263917173,0.8179701449107346,0.010294231852070276,0.9999131354716706,2.6387461815641453e-05,0.6156314246867093,0.018613418290693504,0.9997671516354757,6.834405622498361e-05
