model,tp,fn,fp,tn,accuracy,balanced_accuracy,precision,recall,specificity,f1,roc_auc,pr_auc,predicted_positive_rate,observed_positive_rate,variant_source,criterion,max_depth,min_samples_split,min_samples_leaf,ccp_alpha
Tree gini depth=2 split=2 leaf=1,940,555,767,3372,0.7653532126375577,0.7217260401709491,0.5506736965436438,0.6287625418060201,0.8146895385358782,0.5871330418488445,0.7875883289793391,0.4960891553274957,0.3029818956336528,0.2653532126375577,prepruned_grid,gini,2.0,2,1,0.0
Tree gini depth=2 split=10 leaf=1,940,555,767,3372,0.7653532126375577,0.7217260401709491,0.5506736965436438,0.6287625418060201,0.8146895385358782,0.5871330418488445,0.7875883289793391,0.4960891553274957,0.3029818956336528,0.2653532126375577,prepruned_grid,gini,2.0,10,1,0.0
Tree gini depth=2 split=25 leaf=1,940,555,767,3372,0.7653532126375577,0.7217260401709491,0.5506736965436438,0.6287625418060201,0.8146895385358782,0.5871330418488445,0.7875883289793391,0.4960891553274957,0.3029818956336528,0.2653532126375577,prepruned_grid,gini,2.0,25,1,0.0
Tree gini depth=2 split=25 leaf=10,940,555,767,3372,0.7653532126375577,0.7217260401709491,0.5506736965436438,0.6287625418060201,0.8146895385358782,0.5871330418488445,0.7875883289793391,0.4960891553274957,0.3029818956336528,0.2653532126375577,prepruned_grid,gini,2.0,25,10,0.0
Tree gini depth=3 split=2 leaf=1,544,951,235,3904,0.7894923677671282,0.6535512996935101,0.6983311938382541,0.36387959866220737,0.9432230007248128,0.47845206684256814,0.8144229658174424,0.5746984432873391,0.1382676606318779,0.2653532126375577,prepruned_grid,gini,3.0,2,1,0.0
Tree gini depth=3 split=10 leaf=1,544,951,235,3904,0.7894923677671282,0.6535512996935101,0.6983311938382541,0.36387959866220737,0.9432230007248128,0.47845206684256814,0.8144229658174424,0.5746984432873391,0.1382676606318779,0.2653532126375577,prepruned_grid,gini,3.0,10,1,0.0
Tree gini depth=3 split=25 leaf=1,544,951,235,3904,0.7894923677671282,0.6535512996935101,0.6983311938382541,0.36387959866220737,0.9432230007248128,0.47845206684256814,0.8144229658174424,0.5746984432873391,0.1382676606318779,0.2653532126375577,prepruned_grid,gini,3.0,25,1,0.0
Tree gini depth=3 split=25 leaf=10,544,951,235,3904,0.7894923677671282,0.6535512996935101,0.6983311938382541,0.36387959866220737,0.9432230007248128,0.47845206684256814,0.8144229658174424,0.5746984432873391,0.1382676606318779,0.2653532126375577,prepruned_grid,gini,3.0,25,10,0.0
Tree gini depth=4 split=2 leaf=1,685,810,363,3776,0.7917997870074548,0.6852458181859318,0.6536259541984732,0.45819397993311034,0.9122976564387533,0.5387337790011797,0.8252701887018095,0.6121814013638445,0.18601348952786653,0.2653532126375577,prepruned_grid,gini,4.0,2,1,0.0
Tree gini depth=4 split=10 leaf=1,685,810,363,3776,0.7917997870074548,0.6852458181859318,0.6536259541984732,0.45819397993311034,0.9122976564387533,0.5387337790011797,0.8252701887018095,0.6121814013638445,0.18601348952786653,0.2653532126375577,prepruned_grid,gini,4.0,10,1,0.0
Tree gini depth=4 split=25 leaf=1,685,810,363,3776,0.7917997870074548,0.6852458181859318,0.6536259541984732,0.45819397993311034,0.9122976564387533,0.5387337790011797,0.8252701887018095,0.6121814013638445,0.18601348952786653,0.2653532126375577,prepruned_grid,gini,4.0,25,1,0.0
Tree gini depth=4 split=25 leaf=10,685,810,361,3778,0.7921547745828896,0.6854874224381666,0.6548757170172084,0.45819397993311034,0.912780864943223,0.5391578118850846,0.8258700783234121,0.6126594674828512,0.18565850195243166,0.2653532126375577,prepruned_grid,gini,4.0,25,10,0.0
Tree gini depth=5 split=2 leaf=1,767,728,447,3692,0.7914447994320198,0.7025231887559482,0.6317957166392092,0.5130434782608696,0.8920028992510268,0.5662606127722407,0.8282433754780573,0.6190059653405473,0.2154774582889599,0.2653532126375577,prepruned_grid,gini,5.0,2,1,0.0
Tree gini depth=5 split=10 leaf=1,767,728,447,3692,0.7914447994320198,0.7025231887559482,0.6317957166392092,0.5130434782608696,0.8920028992510268,0.5662606127722407,0.8284390021986796,0.6227591502793683,0.2154774582889599,0.2653532126375577,prepruned_grid,gini,5.0,10,1,0.0
Tree gini depth=5 split=25 leaf=1,767,728,447,3692,0.7914447994320198,0.7025231887559482,0.6317957166392092,0.5130434782608696,0.8920028992510268,0.5662606127722407,0.8286360025889633,0.6228140608198298,0.2154774582889599,0.2653532126375577,prepruned_grid,gini,5.0,25,1,0.0
Tree gini depth=5 split=25 leaf=10,769,726,451,3688,0.791089811856585,0.7027088765725487,0.6303278688524591,0.51438127090301,0.8910364822420874,0.5664825046040516,0.8289044338016469,0.6257741513761714,0.21654242101526447,0.2653532126375577,prepruned_grid,gini,5.0,25,10,0.0
Tree gini depth=6 split=2 leaf=1,770,725,459,3680,0.789847355342563,0.7020769077241444,0.6265256305939788,0.5150501672240803,0.8891036482242087,0.5653450807635829,0.824049319589095,0.6157519895892443,0.21813986510472133,0.2653532126375577,prepruned_grid,gini,6.0,2,1,0.0
Tree gini depth=6 split=10 leaf=1,770,725,459,3680,0.789847355342563,0.7020769077241444,0.6265256305939788,0.5150501672240803,0.8891036482242087,0.5653450807635829,0.8243002163125697,0.6182644304061008,0.21813986510472133,0.2653532126375577,prepruned_grid,gini,6.0,10,1,0.0
Tree gini depth=6 split=25 leaf=1,770,725,456,3683,0.7903798367057153,0.7024393141024967,0.6280587275693311,0.5150501672240803,0.8898284609809133,0.5659683939728041,0.8253568914986817,0.6225894814532461,0.21760738374156904,0.2653532126375577,prepruned_grid,gini,6.0,25,1,0.0
Tree gini depth=6 split=25 leaf=10,769,726,463,3676,0.7889598864039759,0.7012592510591398,0.6241883116883117,0.51438127090301,0.8881372312152694,0.563989732306564,0.823687398035329,0.6284711600442233,0.21867234646787362,0.2653532126375577,prepruned_grid,gini,6.0,25,10,0.0
Tree gini depth=None split=2 leaf=1,723,772,777,3362,0.7250621228257011,0.6479427680736546,0.482,0.4836120401337793,0.8122734960135298,0.48280467445742903,0.6481083356699185,0.37057074790766326,0.26624068157614483,0.2653532126375577,prepruned_grid,gini,,2,1,0.0
Tree gini depth=None split=10 leaf=1,684,811,649,3490,0.7408590699325523,0.6503619619558147,0.5131282820705176,0.45752508361204014,0.8431988402995892,0.4837340876944837,0.7169170650982053,0.4532667335024072,0.23659921902733405,0.2653532126375577,prepruned_grid,gini,,10,1,0.0
Tree gini depth=None split=25 leaf=1,749,746,550,3589,0.7699680511182109,0.6840605028762219,0.5765973826020016,0.5010033444816053,0.8671176612708383,0.5361488904795991,0.7691802666696834,0.5336264340282921,0.23056443024494142,0.2653532126375577,prepruned_grid,gini,,25,1,0.0
Tree gini depth=None split=25 leaf=10,719,776,493,3646,0.7747603833865815,0.6809127792488613,0.5932343234323433,0.4809364548494983,0.8808891036482243,0.5312153675655708,0.7900019473787556,0.5809137368031138,0.21512247071352503,0.2653532126375577,prepruned_grid,gini,,25,10,0.0
Tree entropy depth=2 split=2 leaf=1,940,555,767,3372,0.7653532126375577,0.7217260401709491,0.5506736965436438,0.6287625418060201,0.8146895385358782,0.5871330418488445,0.7871889143242232,0.49600250501600013,0.3029818956336528,0.2653532126375577,prepruned_grid,entropy,2.0,2,1,0.0
Tree entropy depth=2 split=10 leaf=1,940,555,767,3372,0.7653532126375577,0.7217260401709491,0.5506736965436438,0.6287625418060201,0.8146895385358782,0.5871330418488445,0.7871889143242232,0.49600250501600013,0.3029818956336528,0.2653532126375577,prepruned_grid,entropy,2.0,10,1,0.0
Tree entropy depth=2 split=25 leaf=1,940,555,767,3372,0.7653532126375577,0.7217260401709491,0.5506736965436438,0.6287625418060201,0.8146895385358782,0.5871330418488445,0.7871889143242232,0.49600250501600013,0.3029818956336528,0.2653532126375577,prepruned_grid,entropy,2.0,25,1,0.0
Tree entropy depth=2 split=25 leaf=10,940,555,767,3372,0.7653532126375577,0.7217260401709491,0.5506736965436438,0.6287625418060201,0.8146895385358782,0.5871330418488445,0.7871889143242232,0.49600250501600013,0.3029818956336528,0.2653532126375577,prepruned_grid,entropy,2.0,25,10,0.0
Tree entropy depth=3 split=2 leaf=1,542,953,232,3907,0.7896698615548455,0.6532448097507921,0.7002583979328165,0.3625418060200669,0.9439478134815172,0.4777434993389158,0.8137319291735923,0.5745289247076186,0.13738019169329074,0.2653532126375577,prepruned_grid,entropy,3.0,2,1,0.0
Tree entropy depth=3 split=10 leaf=1,542,953,232,3907,0.7896698615548455,0.6532448097507921,0.7002583979328165,0.3625418060200669,0.9439478134815172,0.4777434993389158,0.8137319291735923,0.5745289247076186,0.13738019169329074,0.2653532126375577,prepruned_grid,entropy,3.0,10,1,0.0
Tree entropy depth=3 split=25 leaf=1,542,953,232,3907,0.7896698615548455,0.6532448097507921,0.7002583979328165,0.3625418060200669,0.9439478134815172,0.4777434993389158,0.8137319291735923,0.5745289247076186,0.13738019169329074,0.2653532126375577,prepruned_grid,entropy,3.0,25,1,0.0
Tree entropy depth=3 split=25 leaf=10,542,953,232,3907,0.7896698615548455,0.6532448097507921,0.7002583979328165,0.3625418060200669,0.9439478134815172,0.4777434993389158,0.8137319291735923,0.5745289247076186,0.13738019169329074,0.2653532126375577,prepruned_grid,entropy,3.0,25,10,0.0
Tree entropy depth=4 split=2 leaf=1,689,806,359,3780,0.7932197373091942,0.687066819332542,0.6574427480916031,0.4608695652173913,0.9132640734476927,0.5418796696814786,0.8281171594773915,0.6153846971401219,0.18601348952786653,0.2653532126375577,prepruned_grid,entropy,4.0,2,1,0.0
Tree entropy depth=4 split=10 leaf=1,689,806,359,3780,0.7932197373091942,0.687066819332542,0.6574427480916031,0.4608695652173913,0.9132640734476927,0.5418796696814786,0.8281171594773915,0.6153846971401219,0.18601348952786653,0.2653532126375577,prepruned_grid,entropy,4.0,10,1,0.0
Tree entropy depth=4 split=25 leaf=1,689,806,359,3780,0.7932197373091942,0.687066819332542,0.6574427480916031,0.4608695652173913,0.9132640734476927,0.5418796696814786,0.8281171594773915,0.6153846971401219,0.18601348952786653,0.2653532126375577,prepruned_grid,entropy,4.0,25,1,0.0
Tree entropy depth=4 split=25 leaf=10,689,806,359,3780,0.7932197373091942,0.687066819332542,0.6574427480916031,0.4608695652173913,0.9132640734476927,0.5418796696814786,0.8281171594773915,0.6153846971401219,0.18601348952786653,0.2653532126375577,prepruned_grid,entropy,4.0,25,10,0.0
Tree entropy depth=5 split=2 leaf=1,777,718,446,3693,0.7933972310969116,0.7059884724874168,0.6353229762878169,0.5197324414715719,0.8922445035032617,0.5717439293598234,0.8275042603960532,0.6224779654859409,0.21707490237841676,0.2653532126375577,prepruned_grid,entropy,5.0,2,1,0.0
Tree entropy depth=5 split=10 leaf=1,777,718,446,3693,0.7933972310969116,0.7059884724874168,0.6353229762878169,0.5197324414715719,0.8922445035032617,0.5717439293598234,0.8275042603960532,0.6224779654859409,0.21707490237841676,0.2653532126375577,prepruned_grid,entropy,5.0,10,1,0.0
Tree entropy depth=5 split=25 leaf=1,777,718,446,3693,0.7933972310969116,0.7059884724874168,0.6353229762878169,0.5197324414715719,0.8922445035032617,0.5717439293598234,0.8276740298053995,0.6225336167436502,0.21707490237841676,0.2653532126375577,prepruned_grid,entropy,5.0,25,1,0.0
Tree entropy depth=5 split=25 leaf=10,779,716,446,3693,0.7937522186723465,0.706657368808487,0.6359183673469387,0.5210702341137123,0.8922445035032617,0.5727941176470588,0.8307327073170535,0.6241817529461633,0.21742988995385162,0.2653532126375577,prepruned_grid,entropy,5.0,25,10,0.0
Tree entropy depth=6 split=2 leaf=1,769,726,463,3676,0.7889598864039759,0.7012592510591398,0.6241883116883117,0.51438127090301,0.8881372312152694,0.563989732306564,0.8230876700219222,0.6197574443887038,0.21867234646787362,0.2653532126375577,prepruned_grid,entropy,6.0,2,1,0.0
Tree entropy depth=6 split=10 leaf=1,769,726,463,3676,0.7889598864039759,0.7012592510591398,0.6241883116883117,0.51438127090301,0.8881372312152694,0.563989732306564,0.8230876700219222,0.6197574443887038,0.21867234646787362,0.2653532126375577,prepruned_grid,entropy,6.0,10,1,0.0
Tree entropy depth=6 split=25 leaf=1,769,726,459,3680,0.7896698615548455,0.7017424595636094,0.6262214983713354,0.51438127090301,0.8891036482242087,0.5648182152038194,0.8237119624810414,0.6217244667976849,0.2179623713170039,0.2653532126375577,prepruned_grid,entropy,6.0,25,1,0.0
Tree entropy depth=6 split=25 leaf=10,763,732,460,3679,0.7884274050408235,0.6996149684742812,0.6238757154538022,0.5103678929765886,0.8888620439719739,0.5614422369389257,0.8266928256465742,0.6232962863826337,0.21707490237841676,0.2653532126375577,prepruned_grid,entropy,6.0,25,10,0.0
Tree entropy depth=None split=2 leaf=1,768,727,736,3403,0.7403265885694,0.667945822468549,0.5106382978723404,0.5137123745819397,0.8221792703551583,0.5121707235745249,0.668147105476013,0.3918609260444475,0.26695065672701457,0.2653532126375577,prepruned_grid,entropy,,2,1,0.0
Tree entropy depth=None split=10 leaf=1,728,767,656,3483,0.7474263400780973,0.664232066136538,0.5260115606936416,0.48695652173913045,0.8415076105339454,0.5057311566516152,0.7158624100145367,0.45845431151041544,0.24565140220092296,0.2653532126375577,prepruned_grid,entropy,,10,1,0.0
Tree entropy depth=None split=25 leaf=1,727,768,573,3566,0.7619808306709265,0.6739241944437486,0.5592307692307692,0.4862876254180602,0.8615607634694371,0.5202146690518784,0.7615006452207203,0.5105032996903491,0.23074192403265886,0.2653532126375577,prepruned_grid,entropy,,25,1,0.0
Tree entropy depth=None split=25 leaf=10,743,752,548,3591,0.7692580759673412,0.682295418165246,0.5755228505034856,0.49698996655518396,0.867600869775308,0.533381191672649,0.7908983072349566,0.5790772643375293,0.229144479943202,0.2653532126375577,prepruned_grid,entropy,,25,10,0.0
