model,family,colsample_bytree,learning_rate,min_child_samples,n_estimators,num_leaves,reg_lambda,subsample,test_accuracy_mean,test_accuracy_std,train_accuracy_mean,train_accuracy_std,test_balanced_accuracy_mean,test_balanced_accuracy_std,train_balanced_accuracy_mean,train_balanced_accuracy_std,test_precision_mean,test_precision_std,train_precision_mean,train_precision_std,test_recall_mean,test_recall_std,train_recall_mean,train_recall_std,test_f1_mean,test_f1_std,train_f1_mean,train_f1_std,test_roc_auc_mean,test_roc_auc_std,train_roc_auc_mean,train_roc_auc_std,test_pr_auc_mean,test_pr_auc_std,train_pr_auc_mean,train_pr_auc_std,fit_time_mean,score_time_mean
LightGBM native trees=100 lr=0.03 leaves=15 child=25 sub=0.8 col=1.0 l2=1.0,LightGBM native categorical,1.0,0.03,25,100,15,1.0,0.8,0.8042263132761021,0.010725626360267696,0.8251687752207992,0.003643540889690304,0.7107954793105415,0.014854812152553116,0.740110460402422,0.006674656386879732,0.672441538339221,0.027520560848092634,0.7196452891377773,0.007366759636822475,0.5117056856187291,0.025732955266449944,0.5588628762541806,0.013906771161399187,0.5809508560253955,0.024378116819810187,0.6290628268376062,0.010135666908347279,0.8500536978130393,0.010466966537539164,0.8800037302511529,0.0017578462481334853,0.6690803257948834,0.020903054006999516,0.7314530068320384,0.0034670950482491468,0.13520421981811523,0.07793183326721191
LightGBM native trees=100 lr=0.03 leaves=15 child=25 sub=0.8 col=0.8 l2=1.0,LightGBM native categorical,0.8,0.03,25,100,15,1.0,0.8,0.8033391594339487,0.010690972619856067,0.8245919341873599,0.002424433820280534,0.7082691218028476,0.011504131252359504,0.7385961443342636,0.006262286303566148,0.6729678292721771,0.03209014415857096,0.7196854895660112,0.005096438764963225,0.505685618729097,0.016302418203282855,0.5553511705685619,0.015109507689734496,0.5772174420353364,0.01944219861146745,0.6267914485131808,0.009072586745195834,0.8496036856992596,0.011219904353025683,0.8790035919990558,0.0020007174203652417,0.6688585120583694,0.021644284919154298,0.7289091896919835,0.003798241296434305,0.12072968482971191,0.06930336952209473
LightGBM native trees=200 lr=0.03 leaves=15 child=10 sub=0.8 col=0.8 l2=1.0,LightGBM native categorical,0.8,0.03,10,200,15,1.0,0.8,0.8038715463017395,0.011883877260954747,0.8350641681509332,0.0037256624990650122,0.7144002333003961,0.015632518602399142,0.7584888239779545,0.006760587201604854,0.6665708498696971,0.032258756623983295,0.732925212917334,0.006283330589683278,0.5237458193979933,0.027789402110824046,0.5953177257525084,0.013585348502735725,0.5861811517145343,0.025270543776155962,0.6569375140815865,0.010030228460227065,0.8481472842969175,0.010391131241076627,0.8985160944936545,0.0016889343943210918,0.6683879420629285,0.022337965422462965,0.7659250745602784,0.004439619924831276,0.20038213729858398,0.06640610694885254
LightGBM native trees=100 lr=0.03 leaves=15 child=25 sub=0.8 col=1.0 l2=0.0,LightGBM native categorical,1.0,0.03,25,100,15,0.0,0.8,0.8042261556719374,0.009662502612176223,0.8264999097332376,0.002349941720007128,0.7099409244932614,0.012751377881086358,0.7414971361634658,0.004900243647678499,0.6739059400639806,0.026525209969867396,0.7235201875499838,0.006219403552589713,0.5090301003344482,0.022325510726794145,0.5603678929765886,0.011481367153024637,0.5797307396439304,0.02101723685442329,0.631492229534158,0.0072178928325428,0.8497861582352865,0.010415059161511189,0.8821544793197649,0.0016123452163601798,0.6683870133842202,0.01994810328447952,0.7356305307442379,0.004067385042192134,0.1329136848449707,0.08123154640197754
LightGBM native trees=200 lr=0.03 leaves=15 child=25 sub=0.8 col=0.8 l2=1.0,LightGBM native categorical,0.8,0.03,25,200,15,1.0,0.8,0.8040493237993322,0.012913801712746214,0.8362620484471656,0.0022794200011830826,0.7145210062472562,0.01750650225514244,0.7597848197190967,0.005656797308062914,0.666923409257521,0.03368435222534171,0.736201289514716,0.0030034691045577743,0.5237458193979933,0.03062347329032666,0.5968227424749164,0.013118300105321189,0.5863528094369546,0.028336177864858578,0.6591404389772747,0.00787085097615305,0.8481613820364127,0.010920765686955219,0.8968184201201879,0.001735063526265921,0.6683064547772439,0.02035041386451193,0.761850764745992,0.0038014662802482156,0.1864851951599121,0.08628573417663574
LightGBM native trees=100 lr=0.03 leaves=15 child=10 sub=0.8 col=1.0 l2=1.0,LightGBM native categorical,1.0,0.03,10,100,15,1.0,0.8,0.8033390018297843,0.011406027375815166,0.8260119081251702,0.002922994207204034,0.7097642641488917,0.015599812235509986,0.7412717843329573,0.005564133676299687,0.6701705949988763,0.029437578095950122,0.7215776704988688,0.006541404545315484,0.5103678929765886,0.02688929932072477,0.5607023411371237,0.012100369575334844,0.5792094433682072,0.025646876870051065,0.6309734044400045,0.008369646021853607,0.8496814875014141,0.01045219494198654,0.8811721792166329,0.0019141236081755358,0.6681028410428914,0.02175564566427045,0.7339493914142073,0.0026252749598677625,0.133473539352417,0.07755608558654785
LightGBM native trees=100 lr=0.03 leaves=15 child=25 sub=0.8 col=0.8 l2=0.0,LightGBM native categorical,0.8,0.03,25,100,15,0.0,0.8,0.8035166217232124,0.010794117616912164,0.8250799357954273,0.001474763454821123,0.7079625443223572,0.013384209804185905,0.7386613035879972,0.004434085026318473,0.6738397660206434,0.030667388370438104,0.7218713121978784,0.003631347408412856,0.5043478260869565,0.02171596398762263,0.554515050167224,0.011160249975560914,0.5766638444063117,0.022330933196605392,0.6271378327753934,0.006378360824036623,0.8496852742175418,0.011337060090055058,0.8808702349626701,0.0018247711009047424,0.6678639459215425,0.021843667710015034,0.7331293894133253,0.0045689956166645755,0.11388111114501953,0.06807785034179688
LightGBM native trees=100 lr=0.03 leaves=15 child=10 sub=0.8 col=0.8 l2=1.0,LightGBM native categorical,0.8,0.03,10,100,15,1.0,0.8,0.8042264708802666,0.01177303258855143,0.8248581965271807,0.003106581781417944,0.7099410705306821,0.013787470839348613,0.7389376513554977,0.007107619521771307,0.6741040021578077,0.03278213153701933,0.7203564663969473,0.006954051074923974,0.5090301003344482,0.019887717387717052,0.5558528428093645,0.016675519548251416,0.5798919103805839,0.023164083883716383,0.6273388535942028,0.010393941918175161,0.8493195603732471,0.011189463105723994,0.8801750482672006,0.0019352003459909475,0.6676884006887566,0.02219226884395352,0.730521281258237,0.004136275122719925,0.13952140808105468,0.08179678916931152
LightGBM native trees=200 lr=0.03 leaves=15 child=10 sub=0.8 col=1.0 l2=1.0,LightGBM native categorical,1.0,0.03,10,200,15,1.0,0.8,0.8024513751751376,0.012676622133116705,0.8375491520732119,0.004411931063813619,0.7147155168578857,0.018515283208381608,0.762102886300308,0.007536063537907986,0.6600486839963271,0.03138668944842532,0.7379209859897267,0.008520092076545853,0.5277591973244148,0.034459523404391304,0.6013377926421405,0.014819865579334138,0.586080862832742,0.029524232883782097,0.6625967647824194,0.011288998073253587,0.8472447832942412,0.009566172903286489,0.9003537764690334,0.0014745163371166583,0.6672284644287604,0.02125700842265708,0.7687014861747886,0.0028148264969867242,0.17340002059936524,0.06062836647033691
LightGBM native trees=100 lr=0.03 leaves=15 child=10 sub=0.8 col=0.8 l2=0.0,LightGBM native categorical,0.8,0.03,10,100,15,0.0,0.8,0.8038718615100686,0.010708202941241545,0.8253462670411735,0.0021401572293216027,0.7088452618945233,0.011751479235767841,0.7384152128906931,0.005245295315402021,0.6744178114099708,0.03231236264190636,0.7236241704594545,0.005730530815654935,0.5063545150501672,0.01700102344767736,0.5531772575250835,0.012807661631348914,0.5781885040882337,0.01993607144945065,0.6269136549026647,0.007653260093354611,0.8498395756955517,0.011068995882368956,0.8833561028932259,0.0018561778083292465,0.66700764677502,0.021531953868862422,0.736990138306542,0.004450535086914918,0.12679729461669922,0.06731977462768554
LightGBM native trees=100 lr=0.03 leaves=15 child=10 sub=0.8 col=1.0 l2=0.0,LightGBM native categorical,1.0,0.03,10,100,15,0.0,0.8,0.805291559824177,0.011677390661490358,0.8271655705046413,0.0027187700167176448,0.710024974645657,0.014623296908725792,0.7419501441430156,0.005550479528352231,0.6785131172410155,0.032081359107332216,0.7258206240635776,0.00551020330583838,0.5070234113712375,0.023035686097287695,0.5603678929765887,0.012258791175994155,0.580170000178206,0.024457694013819954,0.6323772899591988,0.008279614611182543,0.8491508685924813,0.011184441711718705,0.8847091444330231,0.001758076252223152,0.666951207721168,0.020992855959305515,0.7398405725534642,0.0037897635800999935,0.1195131778717041,0.06456613540649414
LightGBM native trees=200 lr=0.03 leaves=15 child=10 sub=0.8 col=0.8 l2=0.0,LightGBM native categorical,0.8,0.03,10,200,15,0.0,0.8,0.8054690221134402,0.012583915885629177,0.8390576602815811,0.001872445728273317,0.7171967375689577,0.018365261600255964,0.7637171817341181,0.0038701476305150026,0.6692080999124747,0.032550661735457245,0.7420514172518399,0.004058042785952357,0.5290969899665552,0.034782608695652154,0.6031772575250838,0.00871492590019756,0.5904124960836379,0.029227420364017355,0.66540638035686,0.005505140812240987,0.8478736702462539,0.01033341017678406,0.9051425848855867,0.0015655257548124945,0.6666402493487738,0.02168280018640451,0.774707706908981,0.004910766029311428,0.20450901985168457,0.08170127868652344
LightGBM native trees=200 lr=0.03 leaves=15 child=25 sub=0.8 col=0.8 l2=0.0,LightGBM native categorical,0.8,0.03,25,200,15,0.0,0.8,0.8019194611198406,0.01245319238277211,0.8364395993297619,0.0016679580490043576,0.7109348327107646,0.016100956623675285,0.7603863618967259,0.003637670437871077,0.6629212691275843,0.03292212549689391,0.7359509767552661,0.00428600069723385,0.5170568561872909,0.0266385387983142,0.5983277591973245,0.008634334878545558,0.5807028094370559,0.026324245373308384,0.6599956828042062,0.005121890272432963,0.8475553785132671,0.010247088542258689,0.9005319262763927,0.001535965952663606,0.6663423776917436,0.021636122705198445,0.7672142412027074,0.00386883939956959,0.20253911018371581,0.08625459671020508
LightGBM native trees=200 lr=0.03 leaves=15 child=25 sub=0.8 col=1.0 l2=1.0,LightGBM native categorical,1.0,0.03,25,200,15,1.0,0.8,0.8026288374644011,0.013471962956937897,0.8352860452310308,0.003476383410823581,0.7131270341327646,0.01833997283129164,0.7594409810221237,0.006226813401636711,0.6628366683255362,0.033896205236119054,0.7322774427762132,0.006706374099163288,0.5224080267558529,0.03161552454340192,0.5978260869565217,0.012713429972406848,0.5839657539720552,0.02967076080162314,0.6581979166959175,0.00926195135681545,0.8472167753683264,0.009998674803341054,0.898517607740596,0.0015648596398976757,0.6660055447657548,0.019703172609540947,0.7648960705365295,0.003598344659922977,0.17011260986328125,0.06095032691955567
LightGBM native trees=200 lr=0.03 leaves=15 child=10 sub=1.0 col=0.8 l2=0.0,LightGBM native categorical,0.8,0.03,10,200,15,0.0,1.0,0.8042267860885957,0.012794195605804023,0.836661574846896,0.0027405149917247495,0.7142144287667656,0.01576222609591786,0.7592022045194442,0.005024780797638166,0.6683919758066508,0.03483190210113689,0.7392531109078871,0.008199206596305925,0.5224080267558529,0.025854378715836353,0.5941471571906354,0.011700906812398588,0.5861072058012015,0.025808223824571663,0.658707342068685,0.007239775981911549,0.8477594684949027,0.010812082366478671,0.9031566531874266,0.0016440927322127713,0.6658622334548585,0.02216925040551527,0.7708198283375617,0.002871747052045267,0.17116751670837402,0.069097900390625
LightGBM native trees=100 lr=0.03 leaves=15 child=10 sub=1.0 col=1.0 l2=0.0,LightGBM native categorical,1.0,0.03,10,100,15,0.0,1.0,0.8060006209604083,0.008584663825935895,0.825878772033408,0.003309379073653263,0.7113627672877975,0.011814934600318792,0.73973900635933,0.007155071180087291,0.6797522217346066,0.024946449195109917,0.723693013495151,0.005841743606881188,0.5096989966555183,0.022742474916387943,0.5561872909698996,0.015973182523424122,0.5822196006367149,0.019156903496460667,0.6288532025759908,0.010768735970321968,0.8485032121687718,0.010779138127223108,0.8829199620495587,0.002370808076610387,0.665783292949009,0.02142370507521828,0.7352225754317981,0.004652956727795779,0.11975703239440919,0.06900091171264648
LightGBM native trees=100 lr=0.03 leaves=15 child=25 sub=1.0 col=0.8 l2=0.0,LightGBM native categorical,0.8,0.03,25,100,15,0.0,1.0,0.8044034603570365,0.009043167344732938,0.8251688047519101,0.0036312311877407296,0.7096344930501914,0.01107989449149629,0.7373329835539139,0.006966795849450905,0.6752752431887152,0.026264799336284717,0.7246500291204343,0.006634129723766084,0.5076923076923077,0.01884816428575968,0.5501672240802675,0.014607001874195592,0.5793737529428636,0.01839342981933457,0.6253816434993663,0.010741569817353597,0.848402393110816,0.0106760167327547,0.8803969984868152,0.0018488455247790414,0.665661458059229,0.022029446915532956,0.7325423165052001,0.003928978610056271,0.10426979064941407,0.061957263946533205
LightGBM native trees=200 lr=0.03 leaves=15 child=10 sub=0.8 col=1.0 l2=0.0,LightGBM native categorical,1.0,0.03,10,200,15,0.0,0.8,0.8047588577480573,0.013878681589444346,0.8404777031253168,0.0031499822626290586,0.7184218791915548,0.020026041852267154,0.7659120798592488,0.005998141350599304,0.6640486768390402,0.03194685057626859,0.7446046448687662,0.005334171877936639,0.534448160535117,0.034718232166852096,0.6070234113712375,0.012491538058182657,0.592005196672042,0.03214038548117715,0.6687549580000363,0.008735943443921765,0.8469322944729416,0.010631835120362835,0.9074675413883607,0.0014765621123668555,0.6656074254669623,0.019351122212344585,0.7781216864066065,0.0030452649945616264,0.2052694797515869,0.07441239356994629
LightGBM native trees=100 lr=0.03 leaves=15 child=25 sub=1.0 col=1.0 l2=0.0,LightGBM native categorical,1.0,0.03,25,100,15,0.0,1.0,0.8049363200373207,0.010454628798090764,0.8255681441212712,0.00245239982942241,0.7104243083555424,0.013880202271219094,0.7392071591199498,0.006091857322427875,0.6763314880196833,0.028699630752010843,0.7232664899426848,0.006288978488658491,0.5090301003344482,0.024154475030458564,0.5551839464882943,0.014834953254994562,0.5806010564762568,0.02288600649166062,0.6280290803509689,0.008964848646099309,0.8492528364130234,0.01054445937494309,0.8806440769027869,0.002338659560033761,0.6655920884147133,0.0226389323959973,0.7327249826327852,0.004023012432466919,0.11511168479919434,0.05676727294921875
LightGBM native trees=100 lr=0.03 leaves=15 child=10 sub=1.0 col=0.8 l2=1.0,LightGBM native categorical,0.8,0.03,10,100,15,1.0,1.0,0.8026288374644011,0.010871666341950243,0.8241482883079048,0.003439644177855043,0.7065038326959362,0.013564523209573616,0.7361577242833561,0.0065802722801839445,0.6721113678634689,0.030660908691156986,0.7219761173303334,0.008483090061674532,0.5016722408026756,0.02248526597186836,0.5486622073578595,0.01458209321511146,0.5742457607941477,0.022564259515708108,0.6233768695184844,0.010082462661919879,0.8489330471859506,0.010747951367572277,0.8793894073402772,0.0017776166224681247,0.6655526903403024,0.021268732262322888,0.7305225872240424,0.004217372219636253,0.12321901321411133,0.06984624862670899
LightGBM native trees=100 lr=0.03 leaves=31 child=25 sub=0.8 col=0.8 l2=1.0,LightGBM native categorical,0.8,0.03,25,100,31,1.0,0.8,0.8015640637288198,0.010619268373403932,0.8397232324596523,0.0019371090798367024,0.7053518445874263,0.013940030836266135,0.7578675916264389,0.00431081810773054,0.6690189962959127,0.029879646933345955,0.756837665197173,0.002705478612818252,0.5003344481605352,0.024265360732062934,0.5834448160535117,0.009568374248107022,0.5722128132743011,0.02321468598852487,0.6588818656009957,0.006292667262917563,0.8473513403040951,0.010579755806134204,0.9008969910469972,0.0014779723979942599,0.6650161963847594,0.020855533934666468,0.7717512757987792,0.003537385027693953,0.18123126029968262,0.06388273239135742
LightGBM native trees=200 lr=0.03 leaves=15 child=10 sub=1.0 col=0.8 l2=1.0,LightGBM native categorical,0.8,0.03,10,200,15,1.0,1.0,0.8031615395405209,0.011594474577403136,0.8352416895024184,0.0034698028060708903,0.7154122838590007,0.015506741286121022,0.7571675536855011,0.00624946142893257,0.6622258526503569,0.03003614609451527,0.7362485064060713,0.007987527818104932,0.5284280936454849,0.027660298499177685,0.5908026755852843,0.013300360418159315,0.5874494751742294,0.024837981748839832,0.6554684699177893,0.009251539967149931,0.8484264126033635,0.010971049735318431,0.89725290505991,0.0016549126504359377,0.6649604259785308,0.02273790645485582,0.7630865850040534,0.003638662492691906,0.17784743309020995,0.06916303634643554
LightGBM native trees=100 lr=0.03 leaves=15 child=10 sub=1.0 col=0.8 l2=0.0,LightGBM native categorical,0.8,0.03,10,100,15,0.0,1.0,0.8040488509868385,0.010210625165735832,0.82552381792377,0.002809147264119018,0.7076839835593318,0.010861461564124094,0.7374143915852713,0.006012781726637725,0.676953472804992,0.0313516641713168,0.7263378241107395,0.007052648611281317,0.5023411371237458,0.015601209083198118,0.5496655518394649,0.013966965229311762,0.5764718894907186,0.018439226916136784,0.625648936542107,0.00904566836853367,0.8483523691890074,0.010854013143268951,0.8821446303442555,0.001971580888101792,0.6649251718547395,0.021510564176824502,0.735418802742123,0.0042968427904549215,0.12912163734436036,0.07115864753723145
LightGBM native trees=200 lr=0.03 leaves=15 child=25 sub=0.8 col=1.0 l2=0.0,LightGBM native categorical,1.0,0.03,25,200,15,0.0,0.8,0.8022740704900387,0.012521499749724855,0.8385252635700867,0.003053126074554076,0.7130990174152994,0.016031481056446712,0.7638889141416947,0.005626019026579549,0.6615370027007847,0.032207573780839424,0.7392791779761401,0.007210185784096841,0.5230769230769231,0.026129799310534576,0.6048494983277591,0.012283857974720352,0.5839718789847466,0.026065848648565138,0.6652629706998012,0.008149626396949225,0.8466733486357105,0.010135550034694012,0.9026834364060152,0.0013559080009498076,0.6649191439503014,0.019844536608482004,0.7716504872160639,0.004079687556149646,0.1711360454559326,0.07533588409423828
LightGBM native trees=100 lr=0.03 leaves=15 child=25 sub=1.0 col=0.8 l2=1.0,LightGBM native categorical,0.8,0.03,25,100,15,1.0,1.0,0.8029837620429282,0.009988083122919648,0.8231719996243643,0.002932049617004432,0.7069591998407518,0.013453576454161866,0.7356535379854389,0.005936530012960719,0.6729736756498801,0.028703605409828317,0.7182290831914557,0.007716153183123106,0.5023411371237458,0.024703926839624583,0.5491638795986622,0.013732752620500178,0.5749110648775454,0.022231716337057703,0.6222997412030609,0.00894388886197989,0.8491216459673521,0.01090596097266679,0.8786006217604341,0.0019019209992938298,0.6647957770810711,0.021691156081087744,0.7285738230020737,0.0042385129968665804,0.1405970573425293,0.07633886337280274
LightGBM native trees=100 lr=0.03 leaves=15 child=25 sub=1.0 col=1.0 l2=1.0,LightGBM native categorical,1.0,0.03,25,100,15,1.0,1.0,0.8072430145894176,0.010192760294533214,0.8250357080349623,0.0031276571089400387,0.7145584592288236,0.013990055268939103,0.73889817701117,0.006301565575849868,0.6804677601439357,0.027981324857107946,0.7212157494981829,0.0067670366869596755,0.5170568561872909,0.025958003895561528,0.5553511705685619,0.01397497151556934,0.5872343836220926,0.02269905784492054,0.6274059931308417,0.009510763066949104,0.8488231230122916,0.010757614843352534,0.8790283693705024,0.0024845567492045237,0.6647320760108502,0.022392174362479905,0.7288169449927453,0.005066329294736207,0.11612634658813477,0.08168692588806152
LightGBM native trees=200 lr=0.03 leaves=15 child=10 sub=1.0 col=1.0 l2=1.0,LightGBM native categorical,1.0,0.03,10,200,15,1.0,1.0,0.8060006209604081,0.011125201433694193,0.8360403977722518,0.0033445967996312,0.7175583262224343,0.016911180240688974,0.7587260530448093,0.0051495598846744055,0.6705179287423579,0.026754669378656025,0.737203184296324,0.009536262720083271,0.5290969899665552,0.03210702341137122,0.5939799331103679,0.010934971721920952,0.5910863887190482,0.026878752412277714,0.6578056646509143,0.007730326742082695,0.8484857272402732,0.010888338367105295,0.8983788286739639,0.00203407045750154,0.6646181405960763,0.023458695502221117,0.7655243980831912,0.004233932925336084,0.2147279739379883,0.08457140922546387
LightGBM native trees=100 lr=0.03 leaves=31 child=10 sub=0.8 col=0.8 l2=0.0,LightGBM native categorical,0.8,0.03,10,100,31,0.0,0.8,0.8028064573578293,0.011334877641719357,0.8489528957124568,0.0028850511151758728,0.704915788083077,0.013844188075853983,0.7706655080959934,0.004322568601983852,0.6755095860336755,0.03357247383216421,0.7772882813626991,0.007916454180251402,0.49632107023411365,0.02313259727864959,0.6038461538461538,0.00851694419949623,0.5718546531515764,0.023040039656378183,0.6796351490702863,0.006654573836290715,0.8472610261720351,0.010130895117474663,0.9128279128457036,0.0011962058095152785,0.6643149571990856,0.022730568085995,0.795803971758412,0.002990085474060321,0.16554388999938965,0.06607136726379395
LightGBM native trees=100 lr=0.03 leaves=15 child=10 sub=1.0 col=1.0 l2=1.0,LightGBM native categorical,1.0,0.03,10,100,15,1.0,1.0,0.8061782408538363,0.009973775685997138,0.825656963859236,0.004184167940347628,0.712978828618122,0.014294436320893396,0.7399085347581303,0.008094631950885854,0.6777816949095197,0.0258177853319161,0.7223268878828697,0.008250932859429272,0.51438127090301,0.026026858138252448,0.5571906354515049,0.017334935662044478,0.5846149806012443,0.02336362899868128,0.6289655197447699,0.012257233606958141,0.8486345120204037,0.010816503537519015,0.880005820027581,0.002338161553502405,0.6643040353334497,0.022948352872287026,0.7300920322056343,0.005001686170873784,0.11992788314819336,0.07569184303283691
LightGBM native trees=200 lr=0.03 leaves=15 child=10 sub=1.0 col=1.0 l2=0.0,LightGBM native categorical,1.0,0.03,10,200,15,0.0,1.0,0.806710312513298,0.008928660227395534,0.837416035668857,0.0042107916294259855,0.718895972827154,0.015846268263544114,0.7614782371038691,0.006921645763411174,0.6714765097214188,0.01965617653450463,0.7385033255439668,0.009365542237888788,0.5317725752508361,0.03290534816387648,0.5996655518394649,0.013763263106055032,0.5930694832835222,0.024623420957165906,0.6618064509907758,0.010393759314167424,0.8476819323929382,0.011223265508977965,0.9044072063214698,0.0022823113104255273,0.6639872989946478,0.0229198004919329,0.7735132008403293,0.0035922510089928432,0.1802922248840332,0.07788920402526855
LightGBM native trees=100 lr=0.03 leaves=31 child=25 sub=0.8 col=0.8 l2=0.0,LightGBM native categorical,0.8,0.03,25,100,31,0.0,0.8,0.8028070877744874,0.011802000358236354,0.8439830853671573,0.002507808166779338,0.7066250437550581,0.01457082769169629,0.7639181344439181,0.004445349830890718,0.672798490344029,0.03414205444240266,0.7659726749158782,0.004760654570145559,0.5016722408026756,0.023459100891973474,0.5933110367892978,0.008936715194573525,0.5744901409787444,0.02448471849429397,0.6686462291401991,0.006713011962667445,0.8471735307087196,0.010795801277423894,0.9054625800312044,0.0011679443693014924,0.6638345370003886,0.02178825511776522,0.7819754833061531,0.0027107368686632195,0.16040544509887694,0.0732642650604248
LightGBM native trees=100 lr=0.03 leaves=31 child=10 sub=0.8 col=0.8 l2=1.0,LightGBM native categorical,0.8,0.03,10,100,31,1.0,0.8,0.8012092967544575,0.011774587306691016,0.843494916416128,0.0016157013086543358,0.7051105907685478,0.013967372469155909,0.7643335985158533,0.003981143117333829,0.6682769581132579,0.03470070643095367,0.7626433343763279,0.004648600143098397,0.5003344481605351,0.0225448823362578,0.5956521739130435,0.009745018250390288,0.571892282976438,0.023363636416135456,0.6688163768604305,0.005508531090054197,0.8473900328942696,0.01061139490548731,0.9051213999316359,0.0012542311599813643,0.6636714175933488,0.023585674853657014,0.7800525042980048,0.002377152236824918,0.16725802421569824,0.07305817604064942
LightGBM native trees=100 lr=0.03 leaves=31 child=25 sub=0.8 col=1.0 l2=1.0,LightGBM native categorical,1.0,0.03,25,100,31,1.0,0.8,0.8026291526727303,0.010543016738826846,0.8412319276983904,0.0027591659774819453,0.7054358947398219,0.011859745353124732,0.7610308226208125,0.004982111766540098,0.6739889800198771,0.03237514540475148,0.7580062681313002,0.006862661994224516,0.4983277591973244,0.01844019899945179,0.5901337792642141,0.010790813247425899,0.5727039711733202,0.020029943595936323,0.6635515456696153,0.007400199163271873,0.8473567104761346,0.009260965695439388,0.9028628657117441,0.0010711713019143725,0.6634137923031128,0.02128797209546878,0.7743342776062742,0.0027732796678346283,0.1572423458099365,0.07402067184448242
LightGBM native trees=200 lr=0.03 leaves=15 child=25 sub=1.0 col=0.8 l2=1.0,LightGBM native categorical,0.8,0.03,25,200,15,1.0,1.0,0.8044036179612011,0.012120788616054727,0.8341323434767449,0.003506906030289685,0.7151899025683264,0.01796915700297608,0.7561988742916448,0.006019497787485479,0.6675006827195481,0.031043071598634172,0.73285447487047,0.00898198266839661,0.5250836120401338,0.034563239284986766,0.5901337792642141,0.012903372390542095,0.5872266992178478,0.028507189526118838,0.6537035137854145,0.008961103960677242,0.8485886479671952,0.01112126021676099,0.8959285391028452,0.0014084682476250914,0.6633083871458814,0.02305915010806606,0.7598498258135116,0.00418405997954743,0.16421332359313964,0.0733377456665039
LightGBM native trees=200 lr=0.03 leaves=15 child=25 sub=1.0 col=1.0 l2=1.0,LightGBM native categorical,1.0,0.03,25,200,15,1.0,1.0,0.8061782408538363,0.010763479491880262,0.8349310517465781,0.0032129048457802322,0.7187474752376704,0.016552432632733993,0.7583448437025282,0.005167424323466262,0.6696034737953436,0.025705611819773957,0.7327353424565252,0.009387196396312154,0.5324414715719062,0.03154468527773,0.5951505016722408,0.011408065485491998,0.5928330626954907,0.026241956099304513,0.6567245158126711,0.007660192932258988,0.8480474782209363,0.011273587606083012,0.8970579514697968,0.0015814804635820722,0.6629014093800437,0.024046242052258034,0.7614089611594845,0.004556685672860354,0.16542630195617675,0.06980776786804199
LightGBM native trees=200 lr=0.03 leaves=15 child=25 sub=1.0 col=0.8 l2=0.0,LightGBM native categorical,0.8,0.03,25,200,15,0.0,1.0,0.8024516903834666,0.012894032694613372,0.8354635567388125,0.003700509808984796,0.7117246480161155,0.01781714188062056,0.7571049632032949,0.00514111766399619,0.6640810872054357,0.0335659355794299,0.7375218602180285,0.01119080807102895,0.5183946488294314,0.03186924213932198,0.5901337792642141,0.010555005911745512,0.581838024389769,0.028758126378219503,0.6555604641361557,0.007938324461348583,0.8475331705685228,0.010670465432120886,0.8996229100674192,0.001702431083423338,0.662896111397707,0.022055368588254232,0.7656875214959964,0.004567654891584731,0.17021689414978028,0.06588129997253418
LightGBM native trees=100 lr=0.03 leaves=31 child=25 sub=0.8 col=1.0 l2=0.0,LightGBM native categorical,1.0,0.03,25,100,31,0.0,0.8,0.8026289950685657,0.011461461673550645,0.8450923329557944,0.0015740326738493153,0.7054360407772426,0.014162451054591145,0.7660617539409248,0.003819572832971415,0.6740375211585367,0.03409246371030826,0.7672165179010422,0.005809700184546487,0.4983277591973244,0.02439409033954576,0.5976588628762542,0.00974214826998628,0.57259507568954,0.023519267190907557,0.6718287408091725,0.005197826458906031,0.8470404539870667,0.008944421032856887,0.9077242635550462,0.0008651987289718661,0.662816242946138,0.022259072583437643,0.7859619394760051,0.002514913250983738,0.16172962188720702,0.06343765258789062
LightGBM native trees=200 lr=0.03 leaves=15 child=25 sub=1.0 col=1.0 l2=0.0,LightGBM native categorical,1.0,0.03,25,200,15,0.0,1.0,0.8052915598241768,0.01262344023877164,0.835064168150933,0.0035552748420324166,0.7175027308997657,0.01860534741871595,0.757901363045448,0.006354122941232794,0.6676571330936697,0.030424999854799926,0.7340627849268655,0.0078043624013292906,0.5304347826086957,0.03408090756617255,0.5934782608695652,0.01335072485365358,0.5908127986248101,0.02980606918239383,0.6562454566810374,0.00937403006574172,0.8480284059291702,0.011218237869387769,0.9009626996788764,0.0019481983446788477,0.6626263550963633,0.0218308126897917,0.7668833930399866,0.003375810212954144,0.16505718231201172,0.0720738410949707
LightGBM native trees=100 lr=0.1 leaves=15 child=10 sub=1.0 col=0.8 l2=0.0,LightGBM native categorical,0.8,0.1,10,100,15,0.0,1.0,0.8045813954587937,0.011811403586752284,0.8517485567653905,0.003082724827919729,0.7157374417928543,0.015251346205589173,0.7812208168755186,0.0067927457451189156,0.6673828524694253,0.03012496618914449,0.7689048221327802,0.0036654039786284606,0.5264214046822742,0.025081382286625636,0.6309364548494983,0.01493452412158267,0.5883586261293989,0.024721293446713512,0.6930277622873506,0.009361520293914578,0.846183562082637,0.01004905695316945,0.9232918285871697,0.002202328052779932,0.6618174555713787,0.022674711313495223,0.8088363526707318,0.0026323364210081705,0.11690058708190917,0.07654314041137696
LightGBM native trees=100 lr=0.03 leaves=31 child=10 sub=1.0 col=0.8 l2=1.0,LightGBM native categorical,0.8,0.03,10,100,31,1.0,1.0,0.8040485357785094,0.012002010958469225,0.842163604717024,0.0022421659887403357,0.7093933852687335,0.016392816214778894,0.7618252555499776,0.003644575643351262,0.6741851899610097,0.03293868153603427,0.7611155290248315,0.006827930771836526,0.5076923076923078,0.029643504757405115,0.5906354515050167,0.008030238932135747,0.5787591886446857,0.026781430074103996,0.665077261380009,0.0054205408798005195,0.8470194197143016,0.010068046327596766,0.9046362196944553,0.0013643024134900727,0.6617472842967708,0.021408479805136875,0.7795561970332668,0.0037014584413023388,0.16862959861755372,0.07275896072387696
LightGBM native trees=100 lr=0.03 leaves=31 child=10 sub=0.8 col=1.0 l2=0.0,LightGBM native categorical,1.0,0.03,10,100,31,0.0,0.8,0.801563748520491,0.011615719078146612,0.8505060057420293,0.00258021651158331,0.7062063994047065,0.015589833087639893,0.7731645881923941,0.005994469737313437,0.6677652541837198,0.03113874495509021,0.7798798153516582,0.003507280858285216,0.5030100334448161,0.027055181827634344,0.6083612040133779,0.013529657930547691,0.5734801755417935,0.025557340082523732,0.6834322594810416,0.008413586791528264,0.8466380158830494,0.010277040497753073,0.9151587109126155,0.0014594208261200048,0.6617124651330106,0.02110623991399686,0.8000612093655708,0.002647299943659497,0.15566225051879884,0.06571798324584961
LightGBM native trees=100 lr=0.03 leaves=31 child=10 sub=0.8 col=1.0 l2=1.0,LightGBM native categorical,1.0,0.03,10,100,31,1.0,0.8,0.802273597677545,0.013320088047806457,0.8445598673383747,0.0020516810034933203,0.7069031664058214,0.018270610299158677,0.7659130100042638,0.0041620830711782695,0.6696676283537634,0.03418129062799072,0.7647535540869213,0.005514459008470999,0.5036789297658862,0.031274032715882145,0.5983277591973244,0.009600468290573474,0.5746189194450981,0.030015351422878644,0.6713210101748868,0.005916648171859864,0.8473111765944858,0.00976361037856383,0.906823604598998,0.0011988516156774846,0.6611766251437452,0.021718726680003495,0.7839305176084868,0.0029023316052357775,0.1702890396118164,0.07611184120178223
LightGBM native trees=100 lr=0.1 leaves=15 child=10 sub=1.0 col=1.0 l2=0.0,LightGBM native categorical,1.0,0.1,10,100,15,0.0,1.0,0.8045810802504645,0.01188248738116739,0.8547216604201804,0.00378713021594608,0.7176605187159313,0.017908471705356272,0.7873035836761823,0.006858854027164123,0.6647005840519787,0.028792279617406668,0.7710437707685405,0.007056871690256305,0.5324414715719062,0.034002046895354715,0.6436454849498328,0.014074665827759727,0.5908209738992898,0.028314941724741586,0.7015347070697905,0.009763547355986784,0.8445424736504046,0.008488932567686904,0.9257024374302203,0.0021861056484423144,0.6609011431070855,0.020107418017363602,0.8146403632001935,0.0035637333874136362,0.11402544975280762,0.06432762145996093
LightGBM native trees=100 lr=0.1 leaves=15 child=10 sub=0.8 col=1.0 l2=1.0,LightGBM native categorical,1.0,0.1,10,100,15,1.0,0.8,0.8035164641190479,0.009342312365063795,0.8540558716806294,0.002893917224714335,0.7156536837152998,0.011534891610626442,0.7854617871174998,0.006219820526856867,0.6632316978353133,0.025334771707841458,0.7715810755305643,0.005031130562984213,0.5284280936454848,0.019154275669934908,0.6392976588628763,0.013866496616473496,0.5880089398909906,0.018754231052774618,0.6991475279749717,0.008423899109281856,0.8426763225046244,0.011850800190698478,0.9190993894649871,0.0016926485538088568,0.6604180629231218,0.020301160870325557,0.8043395305848466,0.003709974430404307,0.12525486946105957,0.07549500465393066
LightGBM native trees=100 lr=0.03 leaves=31 child=25 sub=1.0 col=0.8 l2=1.0,LightGBM native categorical,0.8,0.03,25,100,31,1.0,1.0,0.8042266284844309,0.011081697129881884,0.8394124962667753,0.002527366735662057,0.7084460742220587,0.015075879240776083,0.7571754606195962,0.0036688068976837235,0.676410152721406,0.03214792505138796,0.7567123198331998,0.006504171344249955,0.5043478260869565,0.027853729516597994,0.5819397993311037,0.006833717973813593,0.5773864417450875,0.024936661429231392,0.6578957262004831,0.005810716415483838,0.8467574749815432,0.010034124401969692,0.901323966616574,0.001338293408084184,0.6600015348416827,0.02344132189907114,0.772247396472124,0.004583219152489927,0.15343914031982422,0.0672079086303711
LightGBM native trees=100 lr=0.03 leaves=31 child=25 sub=1.0 col=0.8 l2=0.0,LightGBM native categorical,0.8,0.03,25,100,31,0.0,1.0,0.8017418412264126,0.012124309957518814,0.8432286934511218,0.0028733819088779893,0.7054724714968656,0.014982741285066046,0.7628171787486752,0.004548387675055637,0.6695040958988917,0.03289607830352754,0.764490434566498,0.0077876424954028516,0.5003344481605352,0.0225448823362578,0.5914715719063546,0.00930463394196893,0.5725489301156051,0.025126011304624666,0.6668916267781536,0.0069328130919392925,0.8460640668411028,0.010304392894959638,0.9055477231141879,0.0009461512479297773,0.6599061793551355,0.022468973935940714,0.7820080604043123,0.0030854115061337162,0.19275641441345215,0.07011985778808594
LightGBM native trees=100 lr=0.03 leaves=31 child=10 sub=1.0 col=1.0 l2=0.0,LightGBM native categorical,1.0,0.03,10,100,31,0.0,1.0,0.8020956625757879,0.01043090446318712,0.8492189907093156,0.00283846208209244,0.7063548969941904,0.015465281791787081,0.7718080874299277,0.004305371714869546,0.6696745004080193,0.02679493505311442,0.7762822571829533,0.010155900473322259,0.5023411371237458,0.029263736259835908,0.6068561872909699,0.010080713627492672,0.5736792189100239,0.02493259440935586,0.6810930696269295,0.006344192481050958,0.844565703368674,0.010524999034900194,0.9130061537446302,0.0011144717360478153,0.6597843338770324,0.026334593715594753,0.7961384863416633,0.0026886110065827184,0.15748238563537598,0.08920197486877442
LightGBM native trees=200 lr=0.03 leaves=31 child=10 sub=0.8 col=0.8 l2=0.0,LightGBM native categorical,0.8,0.03,10,200,31,0.0,0.8,0.8008538993634368,0.011586528269609878,0.874467627897765,0.002043067539568278,0.7093554941749043,0.013766607291654716,0.8128137191142752,0.005327445041295218,0.6610839341857726,0.032668748507518434,0.8152708370439676,0.005622350302697379,0.51438127090301,0.02291885177125325,0.681438127090301,0.012953121559222137,0.578205946169067,0.022504740795629835,0.7422650830755739,0.006418089978125503,0.844136142354816,0.009431002542927506,0.9448698238033784,0.0007643209204685123,0.6594869921616187,0.02052373794116811,0.8556506570374733,0.0019507040261614727,0.24365854263305664,0.06561555862426757
LightGBM native trees=100 lr=0.1 leaves=15 child=25 sub=0.8 col=0.8 l2=1.0,LightGBM native categorical,0.8,0.1,25,100,15,1.0,0.8,0.7983697425220765,0.01219472118126905,0.8492191875833885,0.002263048340271721,0.7085195198109872,0.014706895712737512,0.777683426280494,0.0053594663233726,0.652504858758499,0.03533112444593193,0.7637306976751921,0.004275041337053847,0.517056856187291,0.026044043256096015,0.6252508361204013,0.01245117757122827,0.5764045284583883,0.023858846574256673,0.6875055369714301,0.007205498617303406,0.8439527975016212,0.012616582276015535,0.9138778795804997,0.0012571673923698911,0.6592700342757313,0.0224869199406388,0.7942983000625098,0.00429864511264266,0.11751551628112793,0.06937212944030761
LightGBM native trees=100 lr=0.1 leaves=15 child=25 sub=1.0 col=1.0 l2=0.0,LightGBM native categorical,1.0,0.1,25,100,15,0.0,1.0,0.8028069301703228,0.010460489351491322,0.8503286911083203,0.0038771120155703443,0.7134619204055616,0.013958544926704277,0.7811624520294895,0.006632051676443586,0.6635301873797717,0.029866767162743547,0.7621210574041664,0.007640092458320792,0.5230769230769231,0.026470045401216544,0.6337792642140468,0.013209643918482599,0.5845376085810196,0.02255941018341255,0.691989920971127,0.009687883885599914,0.8441922588210558,0.010531308973986322,0.9203677977051938,0.0018585677796613745,0.6588683654922226,0.025431662110221583,0.8030299044436902,0.003459404938210993,0.1258871078491211,0.07474679946899414
LightGBM native trees=100 lr=0.03 leaves=31 child=25 sub=1.0 col=1.0 l2=1.0,LightGBM native categorical,1.0,0.03,25,100,31,1.0,1.0,0.7992568963642295,0.01148121672923559,0.8406993538002308,0.0032443570981400857,0.703140770637222,0.014556582910569962,0.7600275419726886,0.004849020546954682,0.6624064362756524,0.03256957737827074,0.7574549056295471,0.009852353523736626,0.4983277591973244,0.02475820136899229,0.5881270903010034,0.01023487876127047,0.5684304294476181,0.02400066321118928,0.6620581516497623,0.007426248709388493,0.8446545424739436,0.009133774584143498,0.9019179615600985,0.001516389647221997,0.6588282778979896,0.02186100547261677,0.7741993352285887,0.002662799089453805,0.16270947456359863,0.07539925575256348
LightGBM native trees=200 lr=0.03 leaves=31 child=10 sub=1.0 col=0.8 l2=1.0,LightGBM native categorical,0.8,0.03,10,200,31,1.0,1.0,0.8013859710228983,0.013143618702604918,0.862309177343968,0.0018233233681556665,0.7122808933176421,0.018895064289505135,0.796420165751561,0.0026204377924511626,0.6584765766942221,0.03063576918020089,0.7896579809040929,0.008594235291214647,0.5224080267558529,0.03293253143837101,0.6560200668896321,0.007619254682203696,0.5823582552884998,0.030389697120172584,0.7165867880210917,0.003410907962004255,0.8448616323279452,0.009831083381767096,0.931782538130834,0.0009347331958094433,0.6587599806634906,0.02227554849073078,0.8299958279191794,0.0024525854641027005,0.2713759422302246,0.08772621154785157
LightGBM native trees=100 lr=0.1 leaves=15 child=25 sub=1.0 col=1.0 l2=1.0,LightGBM native categorical,1.0,0.1,25,100,15,1.0,1.0,0.8045818682712872,0.014552753218892236,0.8478438449978924,0.005041907124139598,0.7174471355770973,0.01938532650407681,0.7768006814834421,0.009312082992481718,0.6652267347277931,0.03654702611480304,0.7587105524910404,0.007728629810065527,0.5317725752508362,0.032632270013780496,0.6254180602006689,0.018808063343147132,0.5907161938290695,0.031224871769059314,0.685538922566369,0.013418773239000066,0.8453847032024356,0.010867293958986404,0.9146984416534384,0.0022019134198039427,0.6587274847888998,0.022176515554439096,0.794028336202956,0.004759128909420033,0.11227850914001465,0.06919960975646973
LightGBM native trees=100 lr=0.03 leaves=31 child=25 sub=1.0 col=1.0 l2=0.0,LightGBM native categorical,1.0,0.03,25,100,31,0.0,1.0,0.8006765946783378,0.010589392880469074,0.8426518031991643,0.002396477018313237,0.7043206294257764,0.013234862931718288,0.7631188740200369,0.0037368339130004332,0.6667923875621536,0.030391434272871908,0.7609196203031907,0.007651116989882643,0.49899665551839456,0.022425491122729364,0.5936454849498328,0.008344464849414479,0.5705189093721258,0.021945640935825312,0.666897269411928,0.005605905706098591,0.8443871015569231,0.008566940757215105,0.9057680836803496,0.001050317558587456,0.6586775975740851,0.02404575014819911,0.7817334886683741,0.0027605809556913554,0.17777299880981445,0.09603438377380372
LightGBM native trees=100 lr=0.1 leaves=15 child=10 sub=1.0 col=1.0 l2=1.0,LightGBM native categorical,1.0,0.1,10,100,15,1.0,1.0,0.8024518479876311,0.011373459232979501,0.8501067549660007,0.003421510355823856,0.7136465566398271,0.017760020390939366,0.7795159143743573,0.007236997675372508,0.6608669650749043,0.02562787201055104,0.7643542036362483,0.0056797103013217585,0.5244147157190635,0.03313569518796208,0.6290969899665553,0.01593988494286615,0.5844964946234682,0.028558125165851943,0.6900474888561835,0.009987387160751118,0.8451596043458469,0.009572894396947897,0.9167254356262109,0.0019940720822872737,0.6585422766998903,0.022124498904304665,0.7999438567806549,0.0034855519184683026,0.12190680503845215,0.08359627723693848
LightGBM native trees=100 lr=0.1 leaves=15 child=25 sub=0.8 col=0.8 l2=0.0,LightGBM native categorical,0.8,0.1,25,100,15,0.0,0.8,0.7990797492832951,0.010623813975070688,0.8517485469216869,0.0029792928905117617,0.7087880601602279,0.012441837960605912,0.7818617786830628,0.005606812552671267,0.6541595570579342,0.02836827221432094,0.7676344150282937,0.006369757452735462,0.5163879598662207,0.017898445699344005,0.632943143812709,0.012070289252587674,0.5770480593318905,0.020590184306815574,0.6937429511166486,0.007932425492831068,0.8421571223544099,0.011493311855675151,0.9197536941780688,0.001488035524551864,0.658456153460597,0.022130587559077073,0.8018970541057842,0.004279929002998002,0.11962265968322754,0.06951031684875489
LightGBM native trees=100 lr=0.1 leaves=15 child=10 sub=0.8 col=0.8 l2=1.0,LightGBM native categorical,0.8,0.1,10,100,15,1.0,0.8,0.8010327800901811,0.012442510923442607,0.8508165942793514,0.0017677610724304979,0.714176683710357,0.014060997237353615,0.779625202204828,0.004321400905306805,0.6555696062228569,0.03353987596913746,0.767708634754488,0.006626204479033193,0.5290969899665552,0.0195473434062909,0.6279264214046824,0.011192776274703355,0.585405268756982,0.023313207940797578,0.690719131092784,0.005560805125096117,0.8441541689405035,0.011464113501564373,0.9163630989820982,0.001520269656018462,0.6584095141930387,0.020857012403188834,0.8005969102567114,0.004023786997225108,0.15689988136291505,0.06592965126037598
LightGBM native trees=100 lr=0.1 leaves=15 child=10 sub=0.8 col=1.0 l2=0.0,LightGBM native categorical,1.0,0.1,10,100,15,0.0,0.8,0.8026293102768948,0.015580162541003044,0.8576057080881185,0.0024464224537460995,0.7133417316083843,0.020712423206584677,0.7908687902368389,0.007013747327033673,0.663618192099868,0.0420344422465572,0.7779373704677982,0.00463750637845561,0.523076923076923,0.037814833511980096,0.6486622073578595,0.017032246657540107,0.5841996937064611,0.03298628266401994,0.7072761647877785,0.008831217518360435,0.8419770269559288,0.010824948519517652,0.9297626712440341,0.0019446253646418046,0.658166265423673,0.018973292044688776,0.8196198147851904,0.0022563218529780067,0.1164330005645752,0.07423257827758789
LightGBM native trees=200 lr=0.03 leaves=31 child=10 sub=0.8 col=0.8 l2=1.0,LightGBM native categorical,0.8,0.03,10,200,31,1.0,0.8,0.8010316768610293,0.011606706649728871,0.865637422138765,0.0025510548863471845,0.7101174388002104,0.016001184937008677,0.8000205389487492,0.006453872446295097,0.6606622749492256,0.032008665546024974,0.7986271045518609,0.00465646008344884,0.5163879598662208,0.030329856986634453,0.660200668896321,0.015148323541997685,0.5791504065040651,0.025719724551360634,0.7227206632852615,0.008264271851644387,0.843956579333554,0.01047144009530536,0.932747681560025,0.0009594154449011898,0.6581250337044421,0.020828123704768813,0.8349485081028316,0.0018694604848042075,0.2645408630371094,0.06891512870788574
LightGBM native trees=100 lr=0.1 leaves=15 child=25 sub=1.0 col=0.8 l2=1.0,LightGBM native categorical,0.8,0.1,25,100,15,1.0,1.0,0.8019194611198406,0.01395575183577569,0.845491908574043,0.003155058287716632,0.7152077528345864,0.017996697888364027,0.7740783806127588,0.006289508775140975,0.6574710359533158,0.0348610240795278,0.7529163242313842,0.0073944082033975565,0.5304347826086957,0.028971783047100602,0.62190635451505,0.01414403374835482,0.5869175399193731,0.029052764837418095,0.6810615053387516,0.00874530159198135,0.8453843237005098,0.010392527090944507,0.9129727914256506,0.0021257948557501286,0.6579853606788106,0.023705106619919206,0.7905484723325004,0.0032200129086671298,0.11977601051330566,0.07524566650390625
LightGBM native trees=100 lr=0.1 leaves=15 child=25 sub=0.8 col=1.0 l2=1.0,LightGBM native categorical,1.0,0.1,25,100,15,1.0,0.8,0.8003216700998106,0.012515691981097475,0.8504616303260096,0.0024973416240925894,0.7115562556364827,0.014574577616232558,0.7791698899067454,0.007058724555902169,0.6557868162242261,0.0320516733852839,0.7668398678152113,0.003202799836442278,0.5224080267558529,0.020442417110282426,0.6272575250836121,0.016892115450400515,0.5814201041122213,0.02384169105440215,0.6899059925677837,0.00924908014696579,0.8429685658505978,0.010096345164898109,0.9163291580521049,0.0015448737578168403,0.6579326911212007,0.01848425966875758,0.799220795516297,0.0036388487570196107,0.12566170692443848,0.0732719898223877
LightGBM native trees=100 lr=0.03 leaves=31 child=10 sub=1.0 col=1.0 l2=1.0,LightGBM native categorical,1.0,0.03,10,100,31,1.0,1.0,0.801563748520491,0.011588575081527731,0.8442049033850332,0.002048882876413179,0.7070608081845661,0.016640949154843612,0.7657783017173816,0.003945601670856017,0.6663097092152275,0.02938583808207293,0.7632482837933818,0.00637591776121124,0.5056856187290969,0.02994385188708947,0.5986622073578595,0.00934062879181867,0.5746745596860857,0.027067213942859252,0.6709451581926945,0.005633862700747094,0.8452588638804446,0.01071001137153961,0.9056127042182208,0.0015018213146645184,0.6579305638415489,0.02540772633305515,0.7798251728069796,0.003124968912158261,0.15866751670837403,0.06900491714477539
LightGBM native trees=100 lr=0.1 leaves=15 child=10 sub=1.0 col=0.8 l2=1.0,LightGBM native categorical,0.8,0.1,10,100,15,1.0,1.0,0.8022756465316838,0.014839140226254634,0.8465568299651789,0.0031883213361629907,0.7141676855585167,0.01925872800048187,0.7737349431548118,0.0056276236489295976,0.6600080131264051,0.03745757682342984,0.7586168588791817,0.006183113488549902,0.5264214046822742,0.030403526895955862,0.6185618729096991,0.011395802700602541,0.5855054310285842,0.0317199307449584,0.6814202165021386,0.008249999670129649,0.8452663025089269,0.012078440616305714,0.9143886064161265,0.0020087871970900246,0.6578886404555051,0.024261961169358193,0.796189721399803,0.0021076681165641733,0.12297744750976562,0.07126965522766113
LightGBM native trees=100 lr=0.03 leaves=31 child=10 sub=1.0 col=0.8 l2=0.0,LightGBM native categorical,0.8,0.03,10,100,31,0.0,1.0,0.8024518479876311,0.013418609694837927,0.8480653873920663,0.0033920476002312363,0.7078789322822233,0.01640708718993382,0.7693137071612804,0.005510675271904303,0.669620572621061,0.03700684924674381,0.7755915745463036,0.00802135005965046,0.5063545150501673,0.025871678402426358,0.6015050167224081,0.01094775070457051,0.5763413794200466,0.02708604014192766,0.6774898833806174,0.008359998264573142,0.8455694923119943,0.0104991465726761,0.9118902536340825,0.0013795853334639821,0.6578205248366422,0.023051595180118657,0.7952844720620532,0.0037922539934999986,0.19499516487121582,0.06085448265075684
LightGBM native trees=100 lr=0.1 leaves=15 child=10 sub=0.8 col=0.8 l2=0.0,LightGBM native categorical,0.8,0.1,10,100,15,0.0,0.8,0.7994348314659867,0.011496606543782746,0.8551207241658396,0.0014212047994512256,0.7098848910583309,0.014530092400815148,0.7873616293548042,0.003873698245441693,0.6545570310225852,0.03186997020340483,0.7729795677922974,0.006025091463263026,0.5190635451505017,0.02532989462041669,0.6429765886287625,0.010321939372582585,0.5786147325215053,0.023605698203523467,0.7019242869374328,0.0047059583706348974,0.8427742188604895,0.010147357106529106,0.9257978012432583,0.0014814117169201768,0.6576863570700147,0.021318171587395074,0.8152938981380877,0.003363949067872907,0.11141986846923828,0.07684979438781739
LightGBM native trees=200 lr=0.03 leaves=31 child=25 sub=0.8 col=0.8 l2=0.0,LightGBM native categorical,0.8,0.03,25,200,31,0.0,0.8,0.8024515327793023,0.01108378723305957,0.8663474091076703,0.0030303260285605847,0.713006115148484,0.013027215857416913,0.8005571498493641,0.007049320032446392,0.6625101958043071,0.029936108191519,0.8011077976131009,0.005787552848737912,0.5224080267558529,0.01977491036668157,0.6603678929765886,0.016216425314248367,0.5839792426353946,0.02139232708732273,0.7238204553429368,0.009210574409157948,0.8425694006454287,0.011135065838062496,0.9353285160675282,0.0007844741685062082,0.6576125263252774,0.020840422405130798,0.8357234453238205,0.0025603939843852844,0.25496950149536135,0.0823066234588623
LightGBM native trees=200 lr=0.03 leaves=31 child=25 sub=0.8 col=0.8 l2=1.0,LightGBM native categorical,0.8,0.03,25,200,31,1.0,0.8,0.7983695849179119,0.010829247708569877,0.8610225462156965,0.0025911098377340573,0.7072367383418328,0.014008978572869174,0.7933011545246126,0.004963323218597298,0.6532000418716633,0.028683985409936812,0.789865400836612,0.006791306059367249,0.5130434782608696,0.023516248603674825,0.6489966555183948,0.011172771296648884,0.5744751687676591,0.022971266634112496,0.712459881385535,0.006815259702814539,0.8427845772605457,0.010134883068372336,0.9277876550330747,0.0009312338767928202,0.6570814579222682,0.020560118194450774,0.8238763608240548,0.0023810719638776372,0.27357983589172363,0.07359519004821777
LightGBM native trees=200 lr=0.03 leaves=31 child=10 sub=1.0 col=1.0 l2=0.0,LightGBM native categorical,1.0,0.03,10,200,31,0.0,1.0,0.7992568963642295,0.01331044935015416,0.8729146261489327,0.003099999516732638,0.7101910304265595,0.019067406699850197,0.8125045455050511,0.006945623822354458,0.6530165748561559,0.03317136813061361,0.8079341850187742,0.007867849100119402,0.5204013377926422,0.03466664486916369,0.6837792642140469,0.016268075594669324,0.5787887822862894,0.030630486875427364,0.7405362222528469,0.008651842729072852,0.8418834384597625,0.010138427255525745,0.9451169294469371,0.001082538350714974,0.6567180039497977,0.020818815352447156,0.8562224403738373,0.0024798672243472185,0.3007538318634033,0.06831269264221192
LightGBM native trees=100 lr=0.1 leaves=15 child=25 sub=1.0 col=0.8 l2=0.0,LightGBM native categorical,0.8,0.1,25,100,15,0.0,1.0,0.8024524784042895,0.012822549110464727,0.8474443284418658,0.0027951447452089695,0.7134339036880963,0.01794499733054339,0.7748731144711933,0.004574169952300505,0.6618568609685018,0.033438920141724254,0.760696474378267,0.0066271092351103894,0.5237458193979934,0.032741774583332196,0.6202341137123746,0.009226163360624554,0.5843053683633617,0.029047480014787134,0.6832829030731224,0.006763582581331038,0.8446616240677953,0.012426130037291077,0.9179720657155181,0.0017208435703775006,0.6560900947057442,0.024056721982767978,0.7986138218367408,0.003463251263456122,0.10897626876831054,0.06557068824768067
LightGBM native trees=200 lr=0.03 leaves=31 child=25 sub=0.8 col=1.0 l2=1.0,LightGBM native categorical,1.0,0.03,25,200,31,1.0,0.8,0.7976591053441996,0.0112311667811885,0.8655041777662629,0.0014383956788496808,0.705899383811954,0.014810730457185516,0.800090124458173,0.0042943777674318345,0.6525095867950252,0.03142272743479323,0.7978683770238804,0.007256134208424975,0.5103678929765886,0.027789402110824046,0.6607023411371238,0.011698516677185763,0.5722446575273187,0.023881809366528405,0.7227186928748799,0.004995009399002859,0.84305656878174,0.009254842886287359,0.9307554838187999,0.0009659121238556755,0.6559845640674166,0.01967332448116376,0.8293987352700329,0.002247108172448093,0.2761660099029541,0.06727910041809082
LightGBM native trees=200 lr=0.03 leaves=31 child=10 sub=0.8 col=1.0 l2=1.0,LightGBM native categorical,1.0,0.03,10,200,31,1.0,0.8,0.8004985019724161,0.011765406597339094,0.8696310422375605,0.0026567342784588276,0.7101820322747193,0.014767211438139315,0.8063171815826011,0.006509350361210242,0.6584527219509938,0.03176601907429191,0.8050319789175908,0.005554793012665936,0.5177257525083612,0.025505921023327903,0.6714046822742475,0.01528065792850928,0.5792828383728137,0.02388350751467451,0.7320408963480738,0.008222389386778913,0.8428776382636876,0.008982159782914948,0.9352779902124322,0.0011323254129267549,0.6559658459061238,0.020017366639265798,0.8395421300531435,0.002275230367909192,0.2637024402618408,0.07476530075073243
LightGBM native trees=200 lr=0.03 leaves=31 child=25 sub=0.8 col=1.0 l2=0.0,LightGBM native categorical,1.0,0.03,25,200,31,0.0,0.8,0.7978367252376277,0.011150390917712912,0.8705627684747123,0.0017587221492706183,0.7058064815451389,0.013837896295851367,0.8075388919865663,0.004835021313345359,0.6532883104680989,0.031347096677426516,0.8070869474630973,0.005668304832127329,0.5096989966555184,0.024172991303802863,0.6732441471571907,0.012098058359656143,0.5722395933026334,0.022502873008424643,0.7340153159187819,0.005800698136121884,0.8419419335288068,0.009121805272893265,0.9384851575282592,0.0007522967118805072,0.65538092609496,0.02107382568965042,0.8414662023755491,0.0019812353338584383,0.25313601493835447,0.07567667961120605
LightGBM native trees=200 lr=0.03 leaves=31 child=10 sub=0.8 col=1.0 l2=0.0,LightGBM native categorical,1.0,0.03,10,200,31,0.0,0.8,0.8019193035156761,0.013023916592043536,0.8771300741093071,0.0024526715461718595,0.711575566276949,0.017497723013527283,0.81676218400182,0.005071258928223737,0.6618465259996911,0.03273283044029983,0.8200418501195074,0.008234668132350003,0.5190635451505016,0.02918718960437647,0.6881270903010034,0.012277026650821168,0.581586086390781,0.028441898964743847,0.7482043512980296,0.006376526192378837,0.8423641203855523,0.009099790830192963,0.9477584992627497,0.0010760221259468368,0.6553657023543443,0.019915646764893685,0.8611242486275368,0.002460277167445649,0.3281884670257568,0.0676464557647705
LightGBM native trees=200 lr=0.03 leaves=31 child=10 sub=1.0 col=0.8 l2=0.0,LightGBM native categorical,0.8,0.03,10,200,31,0.0,1.0,0.7987232486631226,0.012471673947821713,0.871627660334737,0.0008186952445417175,0.7081184336520543,0.017201913036014076,0.8093853427776583,0.003504565996332984,0.6531677784039427,0.029450515568630486,0.8084083932228744,0.006451087311919521,0.5150501672240803,0.02892541579991925,0.6767558528428094,0.010055716641052127,0.5757632610619738,0.027671875235583,0.7366556338515948,0.0036083020559087905,0.8438141869874075,0.009664737110603465,0.9436510510814952,0.0010555044387139622,0.6549702465133105,0.02019098741396704,0.852187432170264,0.003124720715069617,0.2535418510437012,0.07810816764831544
LightGBM native trees=200 lr=0.03 leaves=31 child=25 sub=1.0 col=0.8 l2=1.0,LightGBM native categorical,0.8,0.03,25,200,31,1.0,1.0,0.801209769566951,0.012891634565156787,0.8586263426565676,0.002353436360535868,0.7117336461679555,0.01715755977563415,0.7909759926064274,0.004205180351340373,0.6590114649585488,0.03348651229747666,0.7827698103950087,0.007050954154739693,0.5210702341137124,0.029340083209981663,0.6468227424749163,0.009658547878390395,0.5816552158097501,0.027808244378159683,0.7082671684204173,0.005810278078635568,0.8442681010843088,0.010428336030205014,0.9277559028320803,0.0015007931979829883,0.6545664527608789,0.02285362621668939,0.8201272838223505,0.0034068167345380307,0.37375836372375487,0.0749887466430664
LightGBM native trees=200 lr=0.03 leaves=31 child=25 sub=1.0 col=0.8 l2=0.0,LightGBM native categorical,0.8,0.03,25,200,31,0.0,1.0,0.797126718476409,0.012846330509566213,0.864350397262348,0.0016795569978722911,0.7040411924382273,0.016392656469539857,0.798931050131758,0.0034337727256156312,0.6524170603015895,0.03411728352158959,0.7945264102431455,0.008083651321214169,0.505685618729097,0.02728572314966037,0.6595317725752509,0.009568374248107024,0.5694275384281672,0.026792301242010392,0.7206698906174658,0.0041588304064760755,0.8437978908718915,0.010757986886183082,0.9350847515409738,0.0012783719802568223,0.654247444110671,0.024943701733089695,0.8330566954247143,0.0038899234913383086,0.22808575630187988,0.07280473709106446
LightGBM native trees=200 lr=0.03 leaves=31 child=10 sub=1.0 col=1.0 l2=1.0,LightGBM native categorical,1.0,0.03,10,200,31,1.0,1.0,0.7997899136486784,0.014441049347639371,0.8646611826737429,0.002390565816812685,0.7105534953045598,0.01956477303192643,0.7997301281742637,0.0059079822571614015,0.6546487666955659,0.035913471102123146,0.7943705117002656,0.008249553533110007,0.5204013377926422,0.03294611466494914,0.6613712374581939,0.014834953254994572,0.5795614015302987,0.03168022590937482,0.721639276301099,0.007202848313526152,0.8428375697958744,0.011030955592344911,0.9333888905050074,0.0012407902096186483,0.6538587261384345,0.025277710881235253,0.8337373010391811,0.004040836805380796,0.2629189968109131,0.08216543197631836
LightGBM native trees=100 lr=0.1 leaves=15 child=25 sub=0.8 col=1.0 l2=0.0,LightGBM native categorical,1.0,0.1,25,100,15,0.0,0.8,0.7981919650244838,0.010328163632741643,0.8545883963602708,0.0023930984193967007,0.7071158193575522,0.014765881084425446,0.7858776068331175,0.005068939847029978,0.652499707425607,0.026695938035891403,0.7734045954629668,0.006589589750119561,0.5130434782608695,0.027302115895596706,0.6394648829431439,0.01200524488013212,0.5741258542029113,0.02404071681934226,0.6999937538317653,0.006806510686941769,0.8404045663430029,0.01077677544554012,0.9223421915397093,0.0017068554583313628,0.6534986936685488,0.020786089578140633,0.8084305329787072,0.004074331736583963,0.126700496673584,0.06419472694396973
LightGBM native trees=200 lr=0.03 leaves=31 child=25 sub=1.0 col=1.0 l2=1.0,LightGBM native categorical,1.0,0.03,25,200,31,1.0,1.0,0.796594174004454,0.011009566059791455,0.8603125100282731,0.0017234704657058302,0.7058153336595584,0.015191654646394022,0.794260069500211,0.003785626530970225,0.6481111217476204,0.029134066934064326,0.7842920521449901,0.008293617772568202,0.5123745819397993,0.02833152987899312,0.6535117056856188,0.010570890053029526,0.5718870096800394,0.024277689895066634,0.7128464184916408,0.004543367138146465,0.8419092968516033,0.009753062484083225,0.9296109796598871,0.0015066845163538235,0.6527030673813841,0.02323072021586902,0.8249196439715225,0.0036429579427473954,0.29801383018493655,0.08061490058898926
LightGBM native trees=200 lr=0.1 leaves=15 child=10 sub=1.0 col=1.0 l2=1.0,LightGBM native categorical,1.0,0.1,10,200,15,1.0,1.0,0.798902129389867,0.01046151857817729,0.8787274906489737,0.0017809338280088797,0.709308166816973,0.01568035087317499,0.8212677159656432,0.004814960523573781,0.6525234519453804,0.02594688058333492,0.8177639264636415,0.005927894145973193,0.5183946488294314,0.029688750529996165,0.6988294314381271,0.012051740967710532,0.5774476441864993,0.025345767285748423,0.7535343896379084,0.005581165912261374,0.8411243437620461,0.00947442547884938,0.9462699040922955,0.0019145478862496411,0.6522262107153703,0.024004571225543742,0.8626231431941912,0.0037293154312011126,0.16083202362060547,0.07136640548706055
LightGBM native trees=200 lr=0.03 leaves=31 child=25 sub=1.0 col=1.0 l2=0.0,LightGBM native categorical,1.0,0.03,25,200,31,0.0,1.0,0.7990784884499788,0.009234918443417017,0.8643948514279967,0.002028288883959837,0.7085740928717112,0.01276709572967905,0.7998693356693861,0.0034884569711146006,0.6542932052566943,0.02376337550482365,0.7926636957239752,0.008248879847610014,0.5157190635451505,0.023497214809699376,0.6623745819397993,0.00902700306104736,0.5765390974059541,0.02054018852715889,0.7216064282509611,0.004558421717576396,0.8411680162771062,0.00967862534347471,0.9364629427252382,0.0008840827171900711,0.6513357019164249,0.023685877698102865,0.835665466554169,0.0020716210238030824,0.23886923789978026,0.07208046913146973
LightGBM native trees=200 lr=0.1 leaves=15 child=10 sub=1.0 col=1.0 l2=0.0,LightGBM native categorical,1.0,0.1,10,200,15,0.0,1.0,0.7976598933650221,0.012506457599300814,0.8917734692105685,0.003653402122717573,0.7095312782947503,0.016617174611056402,0.8415768901360409,0.006941867021124523,0.6481187009594042,0.033182439530924084,0.8377107046978332,0.009351504547674229,0.5217391304347826,0.030432944925959382,0.7346153846153847,0.015431802000079374,0.5776145326115333,0.026747199669371603,0.7826519068132181,0.008712517922864026,0.83811969856079,0.008599827027729318,0.9586616924110605,0.0014867247743650142,0.6508648350141758,0.015530110161903588,0.8886364165878966,0.003066917355782235,0.1493532180786133,0.0707315444946289
LightGBM native trees=100 lr=0.1 leaves=31 child=10 sub=1.0 col=1.0 l2=0.0,LightGBM native categorical,1.0,0.1,10,100,31,0.0,1.0,0.7955298730813662,0.013483897700989669,0.9073485314867596,0.0037224830671065234,0.7080809806704871,0.01939680080801327,0.8660107243335251,0.008516934117364651,0.640733969908158,0.030423248290424438,0.8596785995071915,0.005652541090047436,0.5217391304347826,0.03324354151114159,0.7779264214046823,0.01915135558825473,0.5749690125504446,0.030973315356564352,0.816596225880686,0.009623979040166904,0.8363136322894187,0.010486947725692598,0.9701023562219543,0.0009814562519908467,0.6496594431380117,0.020012252250535066,0.9153694384267869,0.0032182297881229085,0.1523895740509033,0.0808302879333496
LightGBM native trees=200 lr=0.1 leaves=15 child=10 sub=1.0 col=0.8 l2=0.0,LightGBM native categorical,0.8,0.1,10,200,15,0.0,1.0,0.797126718476409,0.011025790451859259,0.8882678900946551,0.003868228023512336,0.7078869081721193,0.014976954411313415,0.8365203559781417,0.007506871168886365,0.6479316921952674,0.02958213056618249,0.8314326174223735,0.0073098474846907515,0.5177257525083612,0.02864563626135631,0.7262541806020066,0.016131707549311227,0.5750693909123574,0.02389536123843441,0.7751765012488315,0.009567118535677559,0.8396012100963492,0.008704280733739167,0.9565234331652018,0.0018408252921838036,0.6494808644328994,0.019485291542254573,0.8831218429507299,0.0038310538701857074,0.16360902786254883,0.0745621681213379
LightGBM native trees=200 lr=0.1 leaves=15 child=25 sub=1.0 col=1.0 l2=0.0,LightGBM native categorical,1.0,0.1,25,200,15,0.0,1.0,0.7974832190965814,0.01451712528151924,0.8827655353823068,0.003135772275649959,0.7081288921781008,0.019430622625890757,0.8296241927940613,0.005879446900831454,0.6487251450806701,0.036956944889903025,0.8192651431790162,0.008749304104711704,0.5177257525083612,0.03293253143837101,0.7163879598662207,0.013413414468331407,0.5755208807069748,0.031537383997539505,0.7642688080917015,0.007513134284590977,0.8388449208800515,0.010495701565055743,0.9512976908662327,0.0012490754960743082,0.6494619103327388,0.023568391104695705,0.8693043727040205,0.003539992937059435,0.14302453994750977,0.0579277515411377
LightGBM native trees=100 lr=0.1 leaves=31 child=10 sub=0.8 col=0.8 l2=1.0,LightGBM native categorical,0.8,0.1,10,100,31,1.0,0.8,0.7941092291422709,0.009415318777602856,0.891595593485752,0.0022072720357619135,0.7026282017581108,0.014010840869655325,0.8393728932846729,0.004939766855597849,0.6418708918974289,0.02423147542701693,0.8420755410660036,0.0053618157631620846,0.5076923076923078,0.027203611247709356,0.7280936454849499,0.011420315102985863,0.5666128677570055,0.02269773873449729,0.7808748865451153,0.0058198055214236325,0.8374845740037644,0.009906208946173476,0.9555475295855894,0.0009554868334850936,0.6490144657716642,0.017514944842494277,0.8851270208497224,0.001715518253707422,0.20064306259155273,0.08405499458312989
LightGBM native trees=200 lr=0.1 leaves=15 child=25 sub=1.0 col=1.0 l2=1.0,LightGBM native categorical,1.0,0.1,25,200,15,1.0,1.0,0.7980141875268913,0.010529209012222747,0.8744233607624855,0.0028105345512637312,0.7116953169618644,0.0146579046448082,0.8158279873143371,0.0060459253206415165,0.6465223927093368,0.026199120381878403,0.8081452517147435,0.008478922341263287,0.5277591973244148,0.026621737447668742,0.6909698996655519,0.01446850728851055,0.5808492962488836,0.02329416481041026,0.7448413360492923,0.007534782510016804,0.8397349349506348,0.009400193932916117,0.943083350088326,0.001624425763308751,0.6489207011443016,0.019185345531172425,0.8530536573368261,0.005137330356422181,0.16320257186889647,0.06544952392578125
LightGBM native trees=200 lr=0.1 leaves=15 child=10 sub=1.0 col=0.8 l2=1.0,LightGBM native categorical,0.8,0.1,10,200,15,1.0,1.0,0.7990797492832951,0.012477809045156775,0.8759319870952984,0.002320804616209923,0.7111383414732345,0.016798642426718646,0.8168547853393658,0.004769625876258976,0.6511394935129893,0.031010075156851308,0.8134366116847935,0.005159335313665538,0.5237458193979933,0.02826828977808084,0.6909698996655518,0.010676180401011608,0.5803105464334705,0.027220411015441974,0.7471584741298326,0.006149747147821693,0.8402744074392459,0.011919895031890244,0.9439979166688319,0.0017831676750408667,0.6488846288515229,0.02522493275750964,0.8574558944870464,0.001600130875672445,0.1733077049255371,0.07858800888061523
LightGBM native trees=100 lr=0.1 leaves=31 child=25 sub=1.0 col=0.8 l2=0.0,LightGBM native categorical,0.8,0.1,25,100,31,0.0,1.0,0.7958840096390707,0.011372712380356066,0.8905752345410048,0.0022567031123872233,0.7059729754383033,0.015454490037973266,0.8398000248543728,0.005607887724915659,0.6452573880837991,0.02973321509152471,0.8356339249579621,0.004507128671582004,0.51438127090301,0.028723626158640634,0.7316053511705686,0.013114036071369689,0.5719972477206137,0.024680536490674636,0.7800774514575607,0.006399585495604879,0.8385315304364159,0.009788057650522696,0.9587004263114025,0.0010261255401918712,0.6488164987954212,0.023104140611736004,0.8835286816494478,0.0020861432171441065,0.15558938980102538,0.06743297576904297
LightGBM native trees=100 lr=0.1 leaves=31 child=10 sub=0.8 col=1.0 l2=1.0,LightGBM native categorical,1.0,0.1,10,100,31,1.0,0.8,0.7958843248473998,0.011284272954488285,0.8942137331872002,0.001949812592551018,0.7089639903174942,0.013693098068949193,0.8427570407347961,0.004864298876335301,0.6419609428666371,0.02930532268622596,0.8477282401745116,0.005317414033745251,0.5237458193979934,0.0225448823362578,0.7331103678929767,0.011614552076378145,0.5765834728991786,0.02192991937287225,0.7861823488748791,0.0055239159963525715,0.8363862768704214,0.008975868830008999,0.9589417760917712,0.0009612599495672476,0.6480749592572209,0.017346036021374515,0.8923955887031996,0.0026164944823318325,0.15852723121643067,0.08030424118041993
LightGBM native trees=100 lr=0.1 leaves=31 child=10 sub=1.0 col=1.0 l2=1.0,LightGBM native categorical,1.0,0.1,10,100,31,1.0,1.0,0.7992575267808876,0.014793202102480122,0.8903976639710013,0.0027069516612743196,0.7112594064949358,0.02041622099511657,0.839572332229056,0.006477409088358173,0.6516876688572661,0.03622195446913203,0.8352182648348189,0.002446282348581359,0.5237458193979933,0.03505169901424453,0.7312709030100335,0.014584010776197419,0.5804174773336016,0.032869752266825675,0.7797029809173052,0.007556561815153696,0.8388146647593301,0.00984880101303159,0.9565393363865414,0.0011119470366608166,0.6474132106243935,0.02268613507946925,0.8835495582524,0.0028561534787860557,0.1470212459564209,0.06600890159606934
LightGBM native trees=100 lr=0.1 leaves=31 child=10 sub=1.0 col=0.8 l2=1.0,LightGBM native categorical,0.8,0.1,10,100,31,1.0,1.0,0.7976578445108833,0.011181891073329965,0.8862265520518313,0.0012981216134828352,0.7080343834996587,0.01715497502053817,0.8324604995611062,0.004728993485696895,0.648890170016241,0.02524615633556281,0.8304821553977891,0.005139604182315284,0.5170568561872909,0.03170032270521145,0.7178929765886288,0.012180985853828982,0.5752608425368924,0.02754862087222521,0.7699936249086935,0.004950107258115212,0.839947239170866,0.008897194128106016,0.9541698531407338,0.000664665901737926,0.6473386102785629,0.023282251214013408,0.8775863758328322,0.002619724435557742,0.18624653816223144,0.07170891761779785
LightGBM native trees=100 lr=0.1 leaves=31 child=10 sub=0.8 col=1.0 l2=0.0,LightGBM native categorical,1.0,0.1,10,100,31,0.0,0.8,0.7955298730813664,0.012898991968232815,0.9109869809144368,0.003914913536981664,0.70850891524752,0.017188945655784695,0.8688609937977987,0.008344033824814329,0.6410024548778896,0.032442576870919504,0.8719025331704475,0.005920517391508841,0.5230769230769231,0.03010776571217897,0.7790969899665552,0.01822205437746475,0.5757033315150109,0.027576563971499782,0.8227486825273707,0.009688004734155587,0.8364012464386651,0.009294362050713295,0.9708858941970725,0.000732822577506769,0.6472179763800697,0.019798832934383656,0.9179590844185164,0.0017323894687611638,0.15597124099731446,0.06422405242919922
LightGBM native trees=200 lr=0.1 leaves=15 child=10 sub=0.8 col=1.0 l2=1.0,LightGBM native categorical,1.0,0.1,10,200,15,1.0,0.8,0.7962403526550784,0.012843540107542184,0.8848954273830966,0.0031113625410265364,0.7077099557529083,0.015683920356988252,0.8300590033211368,0.006135274735064628,0.6444279205320045,0.03253990174632919,0.8292288950362832,0.007629507363127666,0.5190635451505017,0.023306021926668006,0.7132107023411371,0.013718491171902115,0.574860268237508,0.025730192971022022,0.7667530424364443,0.007784585012810685,0.8361536451203936,0.010332707912263399,0.9511423243202433,0.001198795533822514,0.6471864169550429,0.020874237271608295,0.8734347439241125,0.0019490484699244501,0.18407802581787108,0.0632619857788086
LightGBM native trees=200 lr=0.1 leaves=15 child=25 sub=0.8 col=0.8 l2=1.0,LightGBM native categorical,0.8,0.1,25,200,15,1.0,0.8,0.7978370404459568,0.011976264516411707,0.8783723593526702,0.0015478837660080477,0.7085836751732341,0.01732122689079601,0.8199578851942351,0.004336970775595938,0.6493854615507196,0.030058525462624473,0.8189375323757131,0.004526809196037053,0.5183946488294314,0.03200932739533215,0.6954849498327759,0.010699727941837019,0.5761546620604928,0.027857108578467214,0.7521067444648099,0.0049909342406880075,0.8363086025457477,0.011552216793275632,0.9446985021732516,0.0007515054839255084,0.6466525932721181,0.018743780629450976,0.8577358298673419,0.001900305141833844,0.22054667472839357,0.0794830322265625
LightGBM native trees=200 lr=0.1 leaves=15 child=25 sub=1.0 col=0.8 l2=1.0,LightGBM native categorical,0.8,0.1,25,200,15,1.0,1.0,0.7965943316086185,0.011219536112912737,0.8720714341823397,0.0016214747497697835,0.7085925272876538,0.013104236449158512,0.811984064834166,0.0039942354141101165,0.6450228485833225,0.02962189477408942,0.8047426431421588,0.0059337757709789826,0.5210702341137123,0.020222363154288915,0.6839464882943144,0.0101305225624488,0.5762344794912828,0.021255954715697828,0.739368209336376,0.00474077071544737,0.8389724051988072,0.010980197137345897,0.9416222308474584,0.0020005217684160633,0.6460696419527102,0.022119573485637506,0.8484719890643573,0.0030637198460868975,0.1597207546234131,0.06686873435974121
LightGBM native trees=200 lr=0.1 leaves=15 child=10 sub=0.8 col=0.8 l2=1.0,LightGBM native categorical,0.8,0.1,10,200,15,1.0,0.8,0.7932230209251049,0.011446804092989548,0.8808572448379127,0.0013503230769625694,0.7043749104116592,0.013593873815906253,0.8237855953730573,0.0040969927414074535,0.6371354437759322,0.031056586017162366,0.822971301388231,0.006166896473528671,0.5150501672240803,0.02208371106250056,0.7021739130434783,0.01077784819018196,0.5693392247131006,0.022241438523150144,0.7576996435735746,0.004415892940529041,0.8358173263132999,0.010963932675896456,0.9485557098023165,0.0013954354220784514,0.6455743149422195,0.02126615136440389,0.8678339602364245,0.0023547029833113826,0.1750809669494629,0.07850179672241211
LightGBM native trees=200 lr=0.1 leaves=15 child=10 sub=0.8 col=0.8 l2=0.0,LightGBM native categorical,0.8,0.1,10,200,15,0.0,0.8,0.7921574591687011,0.013929378003127052,0.8917287098901069,0.002493947153143733,0.7017273418448436,0.017760948686309744,0.8409589623947561,0.005400155660884946,0.6359770133924864,0.0357907875360771,0.8389844716623157,0.008364987888249489,0.5090301003344482,0.029567941277993753,0.7327759197324415,0.013109770650514824,0.5650990781400523,0.028559877833137348,0.782173748428769,0.006264070520501195,0.8352763328864686,0.00929864610664606,0.9604034320767572,0.001495142333175197,0.6447668012563105,0.021413066207366528,0.89189383409188,0.0025951898484995566,0.1549753189086914,0.058792829513549805
LightGBM native trees=200 lr=0.1 leaves=15 child=25 sub=1.0 col=0.8 l2=0.0,LightGBM native categorical,0.8,0.1,25,200,15,0.0,1.0,0.7926895308281626,0.011470373899678499,0.8793932498574139,0.003153474835079726,0.7012342296436194,0.015962412723219268,0.8246049654479887,0.007646935508703542,0.6378362855075386,0.02771425507466147,0.8135470968595675,0.006509824476041888,0.5063545150501672,0.027465505241000398,0.7078595317725752,0.017906255816964606,0.5643479117470667,0.025937388296360265,0.7568611067120992,0.009258559382331378,0.8381100644868038,0.01231484616094057,0.9492068723023628,0.0016381725230528844,0.6446736023047921,0.02365952620782803,0.8631570958844229,0.002715817644931203,0.15626811981201172,0.08170976638793945
LightGBM native trees=100 lr=0.1 leaves=31 child=25 sub=1.0 col=0.8 l2=1.0,LightGBM native categorical,0.8,0.1,25,100,31,1.0,1.0,0.7955298730813662,0.012131502243705718,0.8818778597189544,0.0016832718625119977,0.7048765826524619,0.016798277215404462,0.8261892865027345,0.00458432044293127,0.6447181699346639,0.030264386262986036,0.8227880270732537,0.010029226606898495,0.5117056856187291,0.02938579616921576,0.7075250836120401,0.013086285984290184,0.5702891670098295,0.027444857749624078,0.7606534613960186,0.004704236173031473,0.8367689217755393,0.010409196799898063,0.9497877702654707,0.000390000705827349,0.6441763201476162,0.023990607311120293,0.8664068863737958,0.0013206029397046398,0.1665806770324707,0.06589441299438477
LightGBM native trees=100 lr=0.1 leaves=31 child=25 sub=0.8 col=0.8 l2=1.0,LightGBM native categorical,0.8,0.1,25,100,31,1.0,0.8,0.7951738452736875,0.008040924724241399,0.884140986248543,0.0019732154418690352,0.7029254890119198,0.011715750622205038,0.8278898357007558,0.003920873910140473,0.6457096729376881,0.021453786247035294,0.8305367815606808,0.008812108897664359,0.5063545150501672,0.02322910415275629,0.7080267558528427,0.0103002432069796,0.5673046720303453,0.018875565148193302,0.7643046036560631,0.004615218120759213,0.8365951792490651,0.009908204467193463,0.9505469059937782,0.0013951359033888494,0.6439905873210261,0.019445107509371104,0.8719844776433225,0.002786507646758149,0.15679292678833007,0.07271785736083984
LightGBM native trees=200 lr=0.1 leaves=15 child=10 sub=0.8 col=1.0 l2=0.0,LightGBM native categorical,1.0,0.1,10,200,15,0.0,0.8,0.7941101747672581,0.014323088719018481,0.8972311827268988,0.003040551568299096,0.703483924874756,0.017074015770519996,0.8495109534606501,0.005352655573220984,0.6420146630009025,0.03942790955244385,0.8470205256540215,0.006557152440573577,0.5103678929765886,0.028268289778080834,0.7478260869565216,0.011125115303331058,0.5681460917931784,0.027661117533100226,0.7942830971724792,0.006919027352549786,0.8340966509057612,0.00991035361887523,0.9634559110201503,0.000514336803632563,0.6439652039946913,0.018357266776702578,0.8995937351925362,0.0023653609297750147,0.1686110496520996,0.07375502586364746
LightGBM native trees=100 lr=0.1 leaves=31 child=10 sub=0.8 col=0.8 l2=0.0,LightGBM native categorical,0.8,0.1,10,100,31,0.0,0.8,0.7932234937375985,0.012705098686555318,0.9036652932075098,0.0016118502198869198,0.7024522716008441,0.014882776681007032,0.8595516486378468,0.004452200763852859,0.6393077099051906,0.03473788717104226,0.8563025086687253,0.006412013437181324,0.5090301003344482,0.023016254895097312,0.765551839464883,0.011324416691195292,0.566494242085861,0.02461404030203421,0.8082985681965752,0.004488088438095239,0.8346121796068424,0.011266592048473825,0.9677377067459414,0.0009127520090029545,0.6438213327932356,0.013795881136992953,0.90914532647258,0.002522285119490312,0.171355676651001,0.08618741035461426
LightGBM native trees=100 lr=0.1 leaves=31 child=25 sub=1.0 col=1.0 l2=1.0,LightGBM native categorical,1.0,0.1,25,100,31,1.0,1.0,0.7960624175533214,0.010574472089048525,0.8851615420673629,0.0014333223731240123,0.7084441757355904,0.013803798001620422,0.8325903803532722,0.00245749952065791,0.6432037918417643,0.028799119613406587,0.824607487956769,0.0061372325284169485,0.5217391304347826,0.02547081306308998,0.7205685618729097,0.006376480255831963,0.5757545334459053,0.02221696698938439,0.7690455957279443,0.003012461085909104,0.8371574008511903,0.009709829245020703,0.9527912695467757,0.0009924080708094273,0.6432465954434863,0.024104496628978574,0.8716927137899685,0.003370431708368448,0.14946932792663575,0.07060403823852539
LightGBM native trees=100 lr=0.1 leaves=31 child=25 sub=0.8 col=1.0 l2=1.0,LightGBM native categorical,1.0,0.1,25,100,31,1.0,0.8,0.7937546197720728,0.009746654885148854,0.8889331768053206,0.00217640205085302,0.7043091486377854,0.01192247947844916,0.8351572796656214,0.002165987898579289,0.6386938328701224,0.024790862100945464,0.8383570844648027,0.010413466309225421,0.5137123745819399,0.01802300145191635,0.7205685618729097,0.006376480255831963,0.5693313601841828,0.019496881683228037,0.7749392132065818,0.003340726309458879,0.8347507163697164,0.00872877233311985,0.9539938247901798,0.0007364460877291272,0.6431625208666272,0.018864764563246164,0.87912228469114,0.002156175523215122,0.15173749923706054,0.08043184280395507
LightGBM native trees=200 lr=0.1 leaves=15 child=25 sub=0.8 col=1.0 l2=1.0,LightGBM native categorical,1.0,0.1,25,200,15,1.0,0.8,0.7948195511118186,0.013046784570901821,0.8804137958325302,0.004052544387751132,0.7039661404376718,0.01720038524431408,0.8227358909487321,0.007788737278332527,0.6432319710824501,0.03254217188097359,0.8229718510708958,0.0039329862514670645,0.5103678929765887,0.02881693542279331,0.6998327759197325,0.015864269198169103,0.5688733480974906,0.027693390136342554,0.7563482814726873,0.01037930167325978,0.8350964514157141,0.009442423923867902,0.9472422386849289,0.0013955258627912867,0.6430898413481534,0.01754678507561908,0.8640643631130235,0.003519333908412969,0.17929644584655763,0.07072992324829101
LightGBM native trees=100 lr=0.1 leaves=31 child=25 sub=1.0 col=1.0 l2=0.0,LightGBM native categorical,1.0,0.1,25,100,31,0.0,1.0,0.7951747908986746,0.009691156195332147,0.8929271315900398,0.0035573041401876157,0.7050620951112513,0.012814129390254602,0.8457268794288512,0.007684806504713683,0.6432068199550782,0.024928712000276614,0.8337480759655669,0.005621852341451068,0.5130434782608696,0.021941430724891926,0.7451505016722407,0.01701582053098999,0.5706178976486793,0.020833959997148665,0.7868355441534634,0.009278743719042666,0.8359231868369937,0.009392655055188156,0.9608823054866764,0.00140403342967566,0.6426133947124342,0.022774086668047193,0.8881904752441037,0.0031073723873269034,0.1470729351043701,0.07334837913513184
LightGBM native trees=100 lr=0.1 leaves=31 child=10 sub=1.0 col=0.8 l2=0.0,LightGBM native categorical,0.8,0.1,10,100,31,0.0,1.0,0.7948200239243122,0.01508921582641007,0.9014467684991245,0.003126392962681373,0.7048209873297934,0.018653780395139322,0.8570802021257027,0.005973915473870081,0.6424937059289896,0.038337085573876335,0.8507932716170487,0.01010144753737193,0.5130434782608696,0.028504716725969905,0.7625418060200669,0.01410047089219586,0.5702872382039419,0.030454972400691546,0.8041174770863325,0.007146788036478404,0.8391300372091626,0.009908976620686969,0.9665725244733603,0.0004643591836135619,0.6414553458815042,0.02236823100644799,0.9057142253403943,0.0014114016052330946,0.16481523513793944,0.07557878494262696
LightGBM native trees=200 lr=0.1 leaves=15 child=25 sub=0.8 col=0.8 l2=0.0,LightGBM native categorical,0.8,0.1,25,200,15,0.0,0.8,0.7928669931174261,0.012495845779190435,0.8845404831171624,0.0028214457400394578,0.7032783715883973,0.016765954527006327,0.8310458892865364,0.005857427360279682,0.6366296771956769,0.031228783951171436,0.8249329362914939,0.002621249255901207,0.5123745819397993,0.028956335547710165,0.717056856187291,0.012453423252114296,0.567479662351838,0.02697215913585965,0.7671654085280296,0.007448013685907933,0.8350323185207627,0.010498257924058443,0.9522751735391726,0.0010448665191153694,0.6410698174307343,0.020386341293196712,0.8708656379134434,0.0017534952450182868,0.16925487518310547,0.06538939476013184
LightGBM native trees=200 lr=0.1 leaves=15 child=25 sub=0.8 col=1.0 l2=0.0,LightGBM native categorical,1.0,0.1,25,200,15,0.0,0.8,0.7898515526374268,0.015062520839536889,0.8880014800992797,0.0017733647995319779,0.7005842058507533,0.018624559736943117,0.8359117640588825,0.004846464742829401,0.6285014468455121,0.037641368799567025,0.8315554886932949,0.006786494811983306,0.5103678929765886,0.028029868681949097,0.7249163879598661,0.012299782975540649,0.5631349209379206,0.030505614793211608,0.7744746941759606,0.005294145451483122,0.8334311207716574,0.008861332702805345,0.9548723322701074,0.00042699876838860626,0.6407318102476405,0.0193513116304305,0.8778167616302142,0.0016616359849454412,0.18652000427246093,0.0751607894897461
LightGBM native trees=100 lr=0.1 leaves=31 child=25 sub=0.8 col=1.0 l2=0.0,LightGBM native categorical,1.0,0.1,25,100,31,0.0,0.8,0.7919799968794374,0.009932524380516191,0.8962992399282669,0.0017956916323892188,0.7022471564267473,0.011347938933820264,0.8467935530372335,0.003673793703077602,0.6346929153026821,0.027291753060721645,0.8489954875101112,0.010496693098830478,0.5110367892976588,0.01787343038914699,0.741304347826087,0.010676180401011643,0.5659717790015837,0.01855584008590606,0.791376941195083,0.0038072249663796353,0.8330586682039767,0.010466831822882444,0.9613242343237645,0.0011594966043397055,0.6397971967115138,0.017978258445524843,0.8930658052298213,0.002113390720021367,0.1620915412902832,0.08312039375305176
LightGBM native trees=100 lr=0.1 leaves=31 child=25 sub=0.8 col=0.8 l2=0.0,LightGBM native categorical,0.8,0.1,25,100,31,0.0,0.8,0.7951738452736874,0.012813037150128825,0.890042660642845,0.002478247885884123,0.7048481278227348,0.017947085024172506,0.8377284410904229,0.004622764526769209,0.6431464583024293,0.03030513418298084,0.8378782008803581,0.0075122052306287315,0.5123745819397993,0.030462334546450014,0.7262541806020066,0.010623665668407058,0.5701741089358032,0.029071770627407848,0.7780075923247927,0.005833887405736111,0.8331436942184673,0.011045135538828958,0.9584243670678833,0.0012551524006540345,0.6396611684955453,0.023483275644300132,0.8855955231014677,0.00405523269038691,0.18189167976379395,0.07453246116638183
LightGBM native trees=200 lr=0.1 leaves=31 child=10 sub=1.0 col=0.8 l2=1.0,LightGBM native categorical,0.8,0.1,10,200,31,1.0,1.0,0.7949971710052466,0.014017942935452315,0.932596745395952,0.003469580496574355,0.7077189539047486,0.0181040298913868,0.9052537634817716,0.006436366362225379,0.6397849199381909,0.03447278572776974,0.8935212495767637,0.006791344181458489,0.5217391304347826,0.02938579616921576,0.8469899665551841,0.013554437544588262,0.5745169496585139,0.029252639243049137,0.8695586025666658,0.0074592033669809155,0.8335469196546657,0.008554576265263007,0.9823834128170278,0.001698664282700333,0.6359750778887469,0.02275754434141244,0.9484141786525623,0.00432463397117354,0.22751231193542482,0.06696519851684571
LightGBM native trees=200 lr=0.1 leaves=31 child=10 sub=1.0 col=1.0 l2=1.0,LightGBM native categorical,1.0,0.1,10,200,31,1.0,1.0,0.7932230209251049,0.013539109216154735,0.9365903458073402,0.001177320192857903,0.7075801846542081,0.016338939361463554,0.9115504061156235,0.003236782381510328,0.6342283140060789,0.03620018645366665,0.8984362806904922,0.007588449998784005,0.5250836120401338,0.02782158440546543,0.8581939799331104,0.009183632252672899,0.5740314843903599,0.026075561475624752,0.8777796628408246,0.0025516724504777723,0.8327112520181738,0.008702443380896697,0.9841853103008422,0.0010622786689299705,0.6348530557059131,0.021158182079374237,0.9541461581187131,0.003592295888780776,0.23229966163635254,0.059813070297241214
LightGBM native trees=200 lr=0.1 leaves=31 child=10 sub=1.0 col=0.8 l2=0.0,LightGBM native categorical,0.8,0.1,10,200,31,0.0,1.0,0.7914472948033179,0.013039593196945753,0.9555377723580533,0.0027417735812916523,0.7035940932581488,0.01525046591857952,0.9412705981525497,0.004093693496344477,0.6315832086071834,0.03352743800564712,0.920822603130498,0.008424824877119291,0.5163879598662208,0.023420924949848272,0.9108695652173913,0.008698867427183931,0.5679219306805302,0.02450413464888066,0.9157679964024268,0.005159042654380284,0.8336139986958419,0.010332053691002912,0.9909738006293323,0.0007036734064403363,0.6346933920147572,0.02211530587737194,0.9734631448741426,0.0021033510418989997,0.2328115940093994,0.07975172996520996
LightGBM native trees=200 lr=0.1 leaves=31 child=25 sub=1.0 col=0.8 l2=0.0,LightGBM native categorical,0.8,0.1,25,200,31,0.0,1.0,0.7921580895853592,0.011949473176376374,0.9418265169294967,0.0031464248764441244,0.7070686380370415,0.013579399566309307,0.9232860569943483,0.004443395665953103,0.630729657335745,0.031819947860772246,0.8956826714563029,0.008074445701531947,0.525752508361204,0.021508943399081628,0.883779264214047,0.008575840404654212,0.5731624253537622,0.022005722349936467,0.8896528554378715,0.0059884089254649536,0.831602550573345,0.008403347420949742,0.9854101861196203,0.000532609561140057,0.6346241893290635,0.017209733723998193,0.9558060662407464,0.0014836064008399018,0.2281496047973633,0.07588996887207031
LightGBM native trees=200 lr=0.1 leaves=31 child=25 sub=1.0 col=1.0 l2=1.0,LightGBM native categorical,1.0,0.1,25,200,31,1.0,1.0,0.7926904764531497,0.010992890164318968,0.9283368728010396,0.0040913880152569325,0.7048670003509392,0.013179349417856617,0.9008056206236186,0.005523787140742992,0.6346196211246105,0.029567991026091787,0.8824913016554149,0.009651474030959641,0.5177257525083612,0.02202284633197902,0.8421404682274247,0.009626647467976113,0.5699563649221695,0.021626761880915765,0.8618089420872508,0.007907535111685815,0.8307875386845314,0.009124996373109526,0.9804950527148785,0.0013438543400028293,0.6339741177266476,0.0185848256588793,0.940880950559715,0.0038846733612741924,0.24050617218017578,0.08056797981262206
LightGBM native trees=200 lr=0.1 leaves=31 child=10 sub=1.0 col=1.0 l2=0.0,LightGBM native categorical,1.0,0.1,10,200,31,0.0,1.0,0.789849503783288,0.010002368008450585,0.9597087858401867,0.004127326223182986,0.700369800449975,0.013926376295899255,0.9471005163244799,0.004615093467609299,0.6284416378603234,0.02457201398309177,0.9275237665986815,0.012224157090949027,0.5096989966555184,0.025170418357494003,0.9202341137123746,0.0077466453658197225,0.5626358663050262,0.022268522017116862,0.9238114226082649,0.007496666459225903,0.8295923762488178,0.009306755998484812,0.9926318212583297,0.0005484498148987452,0.6331034487489642,0.02014790470545192,0.978471209319839,0.001239487044299561,0.23338775634765624,0.09091734886169434
LightGBM native trees=200 lr=0.1 leaves=31 child=25 sub=1.0 col=0.8 l2=1.0,LightGBM native categorical,0.8,0.1,25,200,31,1.0,1.0,0.793577630295303,0.014720595380640559,0.9257632167963509,0.003244709815739814,0.7046160181931171,0.017892603924714992,0.8952082590479963,0.005342681004932231,0.6378957726779245,0.0364240197381352,0.8833531303787033,0.011689320354406795,0.5150501672240803,0.025732955266449944,0.8301003344481606,0.01259631410385718,0.569818736860979,0.029184098799659518,0.8557734598502398,0.0064307642825608925,0.8302164327323018,0.010203584775891632,0.9789024351679592,0.0019581758203860112,0.6315057598147147,0.023058596707702644,0.9375035863175564,0.0055911075584062185,0.24861459732055663,0.07888941764831543
LightGBM native trees=200 lr=0.1 leaves=31 child=10 sub=0.8 col=1.0 l2=1.0,LightGBM native categorical,1.0,0.1,10,200,31,1.0,0.8,0.789672199098189,0.010604142896644913,0.945731307446624,0.0014201115268121928,0.6998221151880265,0.01292368860030854,0.9202820182850516,0.0034416348357244925,0.6287611425712151,0.02804678782865686,0.924736597256292,0.005908708801352529,0.5083612040133779,0.021880170212436274,0.8660535117056856,0.00854971440211654,0.5619055098822672,0.020790631491131927,0.894381979643257,0.00315513223699467,0.8282181392113092,0.009250168516385321,0.9877211023597086,0.00031310369289052047,0.6312687896992608,0.01711449895939874,0.9651215963987554,0.0009607664929176992,0.26439332962036133,0.08674707412719726
LightGBM native trees=200 lr=0.1 leaves=31 child=25 sub=0.8 col=1.0 l2=1.0,LightGBM native categorical,1.0,0.1,25,200,31,1.0,0.8,0.7838149979275052,0.013261760654323869,0.9347267063026674,0.0019599842753535747,0.6945536804350747,0.015845331264991935,0.9055817637592156,0.003309661739707181,0.6131170414375763,0.03271789850859295,0.9041491442087866,0.005463448028307659,0.5043478260869565,0.023686864494482623,0.8434782608695652,0.007082882469748314,0.5532494972285784,0.025511766702773137,0.8727316916118033,0.004014926246106038,0.8254769054664708,0.008838921776906185,0.9832606139598544,0.00044914781510341207,0.6296656727604185,0.017203059583044147,0.9523240444359166,0.0009779381114921406,0.24797482490539552,0.06733603477478027
LightGBM native trees=200 lr=0.1 leaves=31 child=10 sub=0.8 col=0.8 l2=1.0,LightGBM native categorical,0.8,0.1,10,200,31,1.0,0.8,0.7866542369515572,0.010900549028521573,0.9393859084232374,0.0014044522227008142,0.6941356202344057,0.01277099559731517,0.9114767955895356,0.0026327683788992073,0.6231781732236856,0.027470219844280604,0.9137895741279245,0.005305830056349301,0.4969899665551839,0.01777301706432965,0.8520066889632106,0.0062792586473306156,0.5529008902373347,0.02092015241908732,0.8817874933494709,0.0028986149357920045,0.8279631764348313,0.007583422550448736,0.9854827808836166,0.0004576381316349771,0.6294456051458462,0.013591892171795817,0.9589523103443994,0.001419314089656347,0.2732873439788818,0.08818869590759278
LightGBM native trees=200 lr=0.1 leaves=31 child=25 sub=1.0 col=1.0 l2=0.0,LightGBM native categorical,1.0,0.1,25,200,31,0.0,1.0,0.78949489441309,0.011721056212402822,0.9458643451013499,0.002439704554207858,0.7005553129087645,0.014972592857643208,0.9293991355796208,0.0012635489057201688,0.6269146063274811,0.02816083528675023,0.9011584858128951,0.011700383915624946,0.5110367892976588,0.02291885177125325,0.8943143812709031,0.005356393771922039,0.5629954315197396,0.02425195345952554,0.8976467159151836,0.003738303089434214,0.8290740445084157,0.010039439913168887,0.9873313024657845,0.0011801897497171164,0.6286289703209531,0.018539608274965574,0.9611308065550468,0.003968867325773638,0.2528358459472656,0.07101984024047851
LightGBM native trees=200 lr=0.1 leaves=31 child=10 sub=0.8 col=0.8 l2=0.0,LightGBM native categorical,0.8,0.1,10,200,31,0.0,0.8,0.7861221652920957,0.011056824592590341,0.9625931780377522,0.00261635479350374,0.6944149111845344,0.014573764304565211,0.9497579406325615,0.0041199090623130815,0.6211135078848347,0.028132615319326284,0.9357260263891828,0.005012372465003787,0.49899665551839456,0.025767706065897268,0.9224080267558529,0.007814930732808019,0.5530955835954092,0.023509287655664887,0.9290004552101052,0.005097417541879477,0.8269650316668715,0.010035650551853731,0.9930293965155703,0.00044334492257574505,0.6279148179062025,0.013734326083958694,0.9793336428444798,0.0011955351870976084,0.26689600944519043,0.07630653381347656
LightGBM native trees=200 lr=0.1 leaves=31 child=10 sub=0.8 col=1.0 l2=0.0,LightGBM native categorical,1.0,0.1,10,200,31,0.0,0.8,0.7863004156021818,0.012367848154387379,0.9664980965230268,0.0006849852990244338,0.6973127317220686,0.015072254921909126,0.9551929968133204,0.002347814738049762,0.6189028064852479,0.030007297654333822,0.9420041111359211,0.003278736768882587,0.5076923076923077,0.021921029576152412,0.931103678929766,0.00599679634683649,0.557726457773691,0.024498658860193232,0.9364996340278282,0.0015801637385330445,0.8266923461016145,0.008354283074834087,0.9943496965955283,0.0003376609874835372,0.6275508454061653,0.018661759994381914,0.9833420373378919,0.0011417777657273182,0.2577689170837402,0.08040709495544433
LightGBM native trees=200 lr=0.1 leaves=31 child=25 sub=0.8 col=0.8 l2=1.0,LightGBM native categorical,0.8,0.1,25,200,31,1.0,0.8,0.7870101071550714,0.010219869794158294,0.9293574384635631,0.0027883850854293086,0.6943781883900699,0.010202995548441758,0.8965863376315854,0.003620105666566591,0.6247604029476099,0.028941194840145915,0.898940224346906,0.006873836863138785,0.4969899665551839,0.013477887411110282,0.8267558528428094,0.006015419982811027,0.5533779803004129,0.016896941592669284,0.8613246157587824,0.00542298150833578,0.8273894779520713,0.00753480553529147,0.9808309251580617,0.0005163067756893323,0.6260452201020156,0.015987032368741928,0.9456470124115238,0.0013447340361798354,0.24747719764709472,0.08034467697143555
LightGBM native trees=200 lr=0.1 leaves=31 child=25 sub=0.8 col=0.8 l2=0.0,LightGBM native categorical,0.8,0.1,25,200,31,0.0,0.8,0.7841699225060323,0.012350388577865436,0.944533249963726,0.0023425031965664056,0.6911633318459983,0.016033923504997542,0.9234725636962745,0.002903224062349865,0.6172277887473859,0.031248824413995735,0.9093489058438718,0.00634269561874624,0.4929765886287626,0.027220053443981006,0.8785953177257525,0.0049999720360287625,0.5478583529046102,0.026094144734154175,0.8936928517461155,0.004379501354939033,0.8247814381495576,0.009269636156913261,0.9868606391684984,0.0007531440680958373,0.6228245394272409,0.02035025644098024,0.9610301549401665,0.0019802437455299303,0.28213987350463865,0.08223209381103516
LightGBM native trees=200 lr=0.1 leaves=31 child=25 sub=0.8 col=1.0 l2=0.0,LightGBM native categorical,1.0,0.1,25,200,31,0.0,0.8,0.7838148403233406,0.008354823422180021,0.9501242669147805,0.001355378297683276,0.6913484061925258,0.009722252883585764,0.9313370688686664,0.002523076780549789,0.6156914121982526,0.021915744476495323,0.9183406822603294,0.0024359593743683034,0.494314381270903,0.015164928493317223,0.8913043478260869,0.005261582850351924,0.5482426316419865,0.015995108472114213,0.9046100654209788,0.0027945375314181666,0.8233650197416218,0.010018819610703321,0.9885173047160754,0.00043637513988872725,0.6174820189194212,0.01655189154453505,0.9657754446499217,0.000942969223397174,0.2575920581817627,0.08079667091369629
