model,family,colsample_bytree,learning_rate,max_depth,min_child_weight,n_estimators,reg_lambda,subsample,test_accuracy_mean,test_accuracy_std,train_accuracy_mean,train_accuracy_std,test_balanced_accuracy_mean,test_balanced_accuracy_std,train_balanced_accuracy_mean,train_balanced_accuracy_std,test_precision_mean,test_precision_std,train_precision_mean,train_precision_std,test_recall_mean,test_recall_std,train_recall_mean,train_recall_std,test_f1_mean,test_f1_std,train_f1_mean,train_f1_std,test_roc_auc_mean,test_roc_auc_std,train_roc_auc_mean,train_roc_auc_std,test_pr_auc_mean,test_pr_auc_std,train_pr_auc_mean,train_pr_auc_std,fit_time_mean,score_time_mean
XGBoost trees=100 lr=0.1 depth=2 child=5 sub=0.8 col=1.0,XGBoost,1.0,0.1,2,5,100,1.0,0.8,0.8075993576054253,0.011857198405392205,0.8161165644135544,0.002414073495358112,0.721850703024143,0.017442639540731313,0.732080114442349,0.004987501272125885,0.671351384076253,0.029130529239643935,0.6921771700917778,0.005617956328758734,0.5391304347826088,0.03231537746938105,0.553010033444816,0.011544518792035597,0.5976474376692293,0.02771051015144401,0.614739978063812,0.00746993396722548,0.8503227876341803,0.011678182572067911,0.8645101328146069,0.0027323923493748556,0.6723922384477303,0.018523090720401373,0.6999478674040264,0.005358011277064471,0.08852124214172363,0.04472670555114746
XGBoost trees=100 lr=0.1 depth=2 child=1 sub=0.8 col=1.0,XGBoost,1.0,0.1,2,1,100,1.0,0.8,0.8074211072953392,0.011008793175402761,0.8162497103490203,0.003366266242483385,0.7215159627887665,0.015847041546597617,0.7327048548294757,0.006456603543302703,0.67102921111616,0.0267235444459849,0.6917886201110439,0.007009425211926065,0.5384615384615384,0.028614380784223976,0.5546822742474916,0.014076652512197283,0.5972059289353033,0.02514418066590477,0.6156008054610153,0.00978886381594366,0.850440155808936,0.011454251721575173,0.8647688156878243,0.002769731337824499,0.6717901897668491,0.01883058286838642,0.7001625740087987,0.005479238904181605,0.10203771591186524,0.05545487403869629
XGBoost trees=100 lr=0.1 depth=2 child=1 sub=0.8 col=0.8,XGBoost,0.8,0.1,2,1,100,1.0,0.8,0.8056460115902103,0.012127073232268831,0.8164715382105998,0.0018942519189463483,0.7181714811834153,0.016307055449862034,0.7326422096328569,0.00478586477135924,0.6684604036215868,0.03048890822294596,0.6928911020036687,0.005273394791474862,0.5317725752508361,0.027981940686758362,0.5540133779264214,0.01211191903828214,0.5920563224319473,0.026238798306529962,0.6156165423022808,0.007015829640562847,0.850226866935059,0.011837390509405207,0.864377752459766,0.0026647791388800073,0.671537865682132,0.019544463984573806,0.6989676926457415,0.004306175906729727,0.0996058464050293,0.05343365669250488
XGBoost trees=100 lr=0.1 depth=2 child=5 sub=0.8 col=0.8,XGBoost,0.8,0.1,2,5,100,1.0,0.8,0.8058241042961318,0.012494804346408482,0.8162052660270753,0.0015437098638001617,0.7187196045576256,0.01705193534034411,0.7318201066431602,0.0035940910851749407,0.6682890011070018,0.03071100578534774,0.693019988773109,0.006019221824149441,0.5331103678929765,0.028894462965157408,0.5520066889632107,0.00988462655928537,0.5928679072610116,0.027490885873062275,0.6144395628078595,0.005193499395539358,0.8502379960610338,0.01182430799620692,0.864105764522097,0.0025618655953353457,0.671254604579052,0.02019040576841531,0.6985807181057153,0.004531247517149977,0.0964158058166504,0.04856710433959961
XGBoost trees=100 lr=0.1 depth=3 child=5 sub=0.8 col=1.0,XGBoost,1.0,0.1,3,5,100,1.0,0.8,0.8061780832496718,0.010633639077799292,0.8245475193965259,0.003064984345633298,0.7191748256650208,0.016066104598980502,0.7433195862670079,0.00529924918540844,0.6691880316532739,0.02599086031615422,0.7113460993105839,0.007154156922810028,0.5337792642140469,0.030841851193039452,0.5702341137123745,0.011155237511811345,0.5934649963865561,0.025305946794521052,0.6329600018242757,0.007955452677381875,0.849371653239918,0.01169300138034278,0.8795365566217217,0.0019354535425897077,0.6707990182164358,0.023060452127011712,0.7295176679393993,0.0041013808567677895,0.11314363479614258,0.053717041015625
XGBoost trees=100 lr=0.1 depth=3 child=1 sub=0.8 col=1.0,XGBoost,1.0,0.1,3,1,100,1.0,0.8,0.8086644465493358,0.01026397329518714,0.8256567866725704,0.0018151827951660838,0.7227893079938188,0.01304836535666153,0.7455700798471273,0.0044103072610895576,0.6748085980186478,0.028516942925369125,0.7126147244442371,0.0051699054383206695,0.539799331103679,0.022742474916387947,0.5749163879598662,0.011011423165989544,0.5995102886799484,0.02128827122231695,0.6363190939438963,0.006234405607879725,0.8486245199349479,0.01249433024335594,0.8813732733482453,0.00196095243980187,0.6706583007045873,0.021902595404380217,0.731686137357584,0.003945857823812225,0.11023797988891601,0.059122991561889646
XGBoost trees=100 lr=0.03 depth=4 child=5 sub=0.8 col=0.8,XGBoost,0.8,0.03,4,5,100,1.0,0.8,0.8038712310934104,0.009503539333446843,0.8189121368731553,0.003065183837387068,0.7067082176829298,0.011593912374653043,0.7280540413692588,0.006470076174346452,0.6771092711409916,0.027175985702312208,0.7114075373452371,0.0072796341968374935,0.49966555183946487,0.01826956559698683,0.534448160535117,0.014895151131533994,0.5748462078380658,0.019543423515143883,0.6102271268357499,0.009994656302081203,0.8502064309761408,0.010577865735085255,0.8733701280301519,0.0022396087336704574,0.67060526045548,0.01945041564457511,0.7145187077633796,0.005392788489854712,0.14166922569274903,0.05181703567504883
XGBoost trees=200 lr=0.03 depth=3 child=1 sub=0.8 col=1.0,XGBoost,1.0,0.03,3,1,200,1.0,0.8,0.806534268661515,0.010410587933284726,0.8196221238420606,0.002971851031632105,0.7177071158867594,0.013892530867641256,0.7354274383912907,0.005155816031130478,0.672663344669264,0.026944542468755717,0.7022910946057432,0.00767583659557906,0.5284280936454849,0.023837497901278194,0.556020066889632,0.01134168893499208,0.591675624372124,0.02272424966767055,0.6205767620012165,0.007860078891511453,0.8499140244980655,0.011137522203106319,0.8715349803553056,0.002022735482668994,0.670588172682798,0.020668902169531763,0.7127226296713361,0.003752441918273836,0.15417108535766602,0.05048556327819824
XGBoost trees=100 lr=0.03 depth=4 child=1 sub=0.8 col=0.8,XGBoost,0.8,0.03,4,1,100,1.0,0.8,0.8035163065148835,0.009429114058499041,0.8189121073420444,0.0030702060095833426,0.7068935841042986,0.011243452776588538,0.7282676983447965,0.007463561151876974,0.6751237144133365,0.026082280700036587,0.7110418725762064,0.0064072202334846855,0.5010033444816053,0.01630241820328285,0.5351170568561873,0.01770523201681126,0.5750907368765035,0.019045667552591197,0.6104736425849429,0.011337551481805125,0.849758502948227,0.010675195212471093,0.8748857310154541,0.002161902501957493,0.670481319482987,0.019518926257209347,0.7156896521169037,0.005332856529119134,0.17401185035705566,0.06363964080810547
XGBoost trees=200 lr=0.1 depth=2 child=5 sub=0.8 col=1.0,XGBoost,1.0,0.1,2,5,200,1.0,0.8,0.8058239466919673,0.012522109655471125,0.8199327025356791,0.003445282570038887,0.7204288602296067,0.016788670071396297,0.7368138861756152,0.006919124144975046,0.6661535488365589,0.030738316213917156,0.7013830084585625,0.006194204423860443,0.5384615384615385,0.028220766701978556,0.5596989966555184,0.015037155281850402,0.5953041108494908,0.026879507428481532,0.622483786136727,0.0103589328174332,0.8482456910511257,0.011845655027325045,0.8735538754589344,0.0025573439180040266,0.6704029633004502,0.01949049706753901,0.7170608612902711,0.004812660851997988,0.16305832862854003,0.056883811950683594
XGBoost trees=200 lr=0.03 depth=3 child=5 sub=0.8 col=1.0,XGBoost,1.0,0.03,3,5,200,1.0,0.8,0.8067112581382851,0.009929691216266346,0.818379661412032,0.003222026391148581,0.7169731879789185,0.013286644568845244,0.7333533314511576,0.006424469915743659,0.6743529033168678,0.025514954693034917,0.7000755129655987,0.007177185406936533,0.525752508361204,0.022525027746465184,0.5521739130434782,0.014429800672110093,0.5906804038370901,0.021708390873474592,0.6172790753955608,0.009711324856371053,0.8498700696765538,0.011047952339881763,0.8708051055533004,0.0021734258057705485,0.6702029864513795,0.019543920929929747,0.7113370226575879,0.004048982735600932,0.15433502197265625,0.05779261589050293
XGBoost trees=200 lr=0.03 depth=3 child=5 sub=0.8 col=0.8,XGBoost,0.8,0.03,3,5,200,1.0,0.8,0.8075992000012608,0.010832358604973955,0.8186014991173151,0.002694753563472489,0.7186457208564353,0.014194276067934464,0.7334508605931761,0.006275168911633624,0.675803119775861,0.028123972781995688,0.7009510039466594,0.006658616182430777,0.5290969899665552,0.02340181362479718,0.5520066889632107,0.015183357140891201,0.5933424369756978,0.023262671368721323,0.6174805434763948,0.009288274631183483,0.8500834918889449,0.011664016204844965,0.8703473400198517,0.00255373414521281,0.6701565329228709,0.01999922362124108,0.7115001397067908,0.005231205214190137,0.1768662929534912,0.051268911361694335
XGBoost trees=100 lr=0.03 depth=4 child=5 sub=1.0 col=1.0,XGBoost,1.0,0.03,4,5,100,1.0,1.0,0.803160436311369,0.008211657460206927,0.8190008975488983,0.003544085819092823,0.7051561656774317,0.01245604741145782,0.728167910479589,0.007039650143658971,0.6757641128770342,0.02003533325079711,0.7116093289127425,0.008078961340182345,0.49632107023411365,0.02293836548425717,0.5346153846153847,0.015611959888941554,0.5721386719114958,0.020549859095018976,0.6104118856936438,0.010900331581214173,0.8498034751474884,0.009925716423564986,0.8738351735464679,0.002388383793111902,0.6701324906637951,0.02037541684539195,0.7156111001333684,0.005557069312276597,0.13054094314575196,0.05398712158203125
XGBoost trees=200 lr=0.03 depth=3 child=1 sub=1.0 col=0.8,XGBoost,0.8,0.03,3,1,200,1.0,1.0,0.8051134671182553,0.007134917306053797,0.8182908318303639,0.003141499193441938,0.7131085997168223,0.010440345391244799,0.730729088628482,0.006718924115557233,0.6731308986225304,0.020092935744891946,0.7038886932895744,0.005831909586833895,0.5170568561872909,0.021003770525896415,0.5441471571906354,0.015053882856089485,0.5845862340191834,0.01695077988445764,0.6136825209752088,0.010265661233087439,0.8494759459371227,0.011599687844085537,0.8701939559868628,0.002631356931312688,0.6700412104377962,0.02323214648323451,0.7094323775352452,0.005186717480901438,0.2125166416168213,0.06590662002563477
XGBoost trees=200 lr=0.03 depth=3 child=1 sub=0.8 col=0.8,XGBoost,0.8,0.03,3,1,200,1.0,0.8,0.8084866690517429,0.009333339307471647,0.818956482758064,0.0026224651004982022,0.7190359103770596,0.011619527873442703,0.7344402514966215,0.005985966683919698,0.6789940899047807,0.025044586897542426,0.7009545460771198,0.0068348102598551185,0.5284280936454849,0.01807258339278433,0.5543478260869564,0.014559062782393916,0.5942147015279258,0.01930206201359499,0.6189520474603496,0.008806119769477682,0.8501706689027684,0.011717241425284903,0.871079751585148,0.00226916033728945,0.6700200738593026,0.021152796556798355,0.7118115305741008,0.00480727776376456,0.22815256118774413,0.0628096580505371
XGBoost trees=100 lr=0.1 depth=3 child=1 sub=1.0 col=0.8,XGBoost,0.8,0.1,3,1,100,1.0,1.0,0.8058230010669801,0.011124386232596224,0.822506545570737,0.004166857565575635,0.7155144763524975,0.015613472167760201,0.738779215953129,0.006623290464341745,0.6725372346015155,0.02708925863712332,0.7097781269269786,0.010855042626080565,0.5230769230769231,0.027137742842944186,0.5603678929765886,0.013753100464850905,0.5882519507987429,0.025261339535907926,0.6261755130144893,0.010204614802927909,0.8483816269803383,0.010955058080330463,0.8785400910974476,0.0023246125394647747,0.6699865578330323,0.02189554248715285,0.725997106288131,0.0034002576904974477,0.09704117774963379,0.04968304634094238
XGBoost trees=200 lr=0.1 depth=2 child=1 sub=0.8 col=1.0,XGBoost,1.0,0.1,2,1,200,1.0,0.8,0.8045809226463,0.011146434557303773,0.8202876664890206,0.0031209517348762404,0.7185147814583701,0.01700012672156014,0.737215706717729,0.006070846436581145,0.663380455408604,0.025629953181750622,0.7022977252161828,0.005624579109269425,0.5351170568561873,0.03172853839633824,0.5602006688963211,0.01294232278989256,0.5920733323252583,0.026743365475274908,0.6231846650489251,0.009130841219499988,0.8484377927769442,0.011935842164023184,0.8744063913512082,0.0023023142511846054,0.6698341674083281,0.020336037194488645,0.7176612729646982,0.0048710670720307145,0.12913961410522462,0.050133705139160156
XGBoost trees=100 lr=0.03 depth=4 child=5 sub=0.8 col=1.0,XGBoost,1.0,0.03,4,5,100,1.0,0.8,0.8036936111999824,0.009209679078593611,0.8186458450022236,0.0029909612534732197,0.7080828791569551,0.01076291093922072,0.7292615884564824,0.006335242272820338,0.6743348711212727,0.026424358498127794,0.708063073697142,0.007316461227736395,0.5043478260869565,0.01630241820328285,0.5387959866220736,0.01471761921450709,0.5769339047881499,0.018109111294772138,0.6118081775569422,0.009633588065219167,0.8494596131901467,0.010302967491751617,0.8739868393212105,0.0023106787243726197,0.6698261442295339,0.018491885161412636,0.7158077613693322,0.005028162307679171,0.14422035217285156,0.05010538101196289
XGBoost trees=200 lr=0.03 depth=3 child=5 sub=1.0 col=0.8,XGBoost,0.8,0.03,3,5,200,1.0,1.0,0.8049356896206625,0.007093277205561713,0.8175365383513646,0.003433619068295795,0.7129876807325417,0.010691718020558776,0.7294145580293204,0.007471861261099328,0.6724617288824581,0.019175705176951524,0.7025970434345823,0.005711790654626883,0.5170568561872909,0.021425575087688234,0.541638795986622,0.016641946895819024,0.5843510313371653,0.017237775320025545,0.6115781857366114,0.011401602293418122,0.8492823110625973,0.01142062430368724,0.8695111197128632,0.00249519884602212,0.6698257161521506,0.022544122664876647,0.7089261429044293,0.005335953158363308,0.20495939254760742,0.07221465110778809
XGBoost trees=200 lr=0.03 depth=4 child=5 sub=0.8 col=0.8,XGBoost,0.8,0.03,4,5,200,1.0,0.8,0.8044039331695302,0.012322454233595069,0.8267219344688899,0.003351865715269931,0.7149757892423894,0.015855944880054797,0.746241499344381,0.006955394962717423,0.6676375375414357,0.031436591396216455,0.7161601976814865,0.004914511000304917,0.5244147157190635,0.0255059210233279,0.5747491638795987,0.014962584253021776,0.5872236821110557,0.025830775969230904,0.6376244652563883,0.01023394646559599,0.8492590105235053,0.010680114576953509,0.884979624682113,0.0022529477503139624,0.6697009431924177,0.020550609474198824,0.7390630038329856,0.004169483299665593,0.20732955932617186,0.05094685554504395
XGBoost trees=200 lr=0.03 depth=4 child=1 sub=1.0 col=1.0,XGBoost,1.0,0.03,4,1,200,1.0,1.0,0.804048693382674,0.009707423240425391,0.8269438607675058,0.004473860629592084,0.7147342433486695,0.013881068192620626,0.7469266718002815,0.00900283193166796,0.6665024530842455,0.025312009585126142,0.7159996152431645,0.0071802895727100195,0.5244147157190635,0.026198202043566723,0.5764214046822742,0.01923149627824423,0.5866509173381689,0.022143828212150295,0.6385319510126352,0.01321966045502982,0.8487914006563303,0.010845759470685647,0.8870976886217221,0.002262361405717587,0.6696904663272945,0.023221793669085704,0.7407965430103463,0.005235692218017906,0.16597337722778321,0.0495966911315918
XGBoost trees=100 lr=0.03 depth=4 child=1 sub=0.8 col=1.0,XGBoost,1.0,0.03,4,1,100,1.0,0.8,0.8045807650421354,0.00841197583943162,0.8194889680628912,0.0026691048767332197,0.7084730686775795,0.010056573699455963,0.7297819961748171,0.00659486233228617,0.6775716317821582,0.024035573219836685,0.7111555707914476,0.006624916271855061,0.5036789297658862,0.01562986146561594,0.538628762541806,0.016051769693667502,0.5776949230092099,0.016878722282258913,0.612814966228685,0.009858200965735725,0.8493621256413754,0.010044258429886753,0.8756603299471589,0.00225674075515448,0.6696747070257354,0.01965165441301184,0.7176003036251991,0.004893135231179259,0.13156404495239257,0.061805105209350585
XGBoost trees=200 lr=0.03 depth=4 child=5 sub=0.8 col=1.0,XGBoost,1.0,0.03,4,5,200,1.0,0.8,0.8042264708802666,0.013233896580352025,0.8278755771609537,0.003059030234872391,0.7159231002890641,0.01851539685608736,0.7482551833348092,0.0063383943494303326,0.6652948587749872,0.03127745725409575,0.7179688684045014,0.004440141027685725,0.5277591973244148,0.031402527342623394,0.5785953177257526,0.013636711062123845,0.5883912091679798,0.0297744390897086,0.6407198743284118,0.009275587086341854,0.8487754972300658,0.010488021025065518,0.8860680388290486,0.0021517389073592045,0.6695637045437082,0.019186573477119107,0.7410827200051388,0.0043595634786899075,0.18553032875061035,0.04538097381591797
XGBoost trees=200 lr=0.03 depth=4 child=5 sub=1.0 col=0.8,XGBoost,0.8,0.03,4,5,200,1.0,1.0,0.8058234738794738,0.009245404155548923,0.8264557508786983,0.00407881857414421,0.7172238780618991,0.014134845972836135,0.7457933006214098,0.00764918114899851,0.6702914622070754,0.02297549482111407,0.7157612856274133,0.008145131493930521,0.5284280936454849,0.027498066610159803,0.5739130434782609,0.016192265467438408,0.5906365080447897,0.022492362053949572,0.636924920835653,0.01141656719408014,0.8492993456683475,0.011132114584968933,0.8833193697211479,0.003014908347006389,0.6694196553016647,0.022037316715550367,0.7352939638164047,0.006863732470675077,0.17970852851867675,0.052412986755371094
XGBoost trees=100 lr=0.03 depth=4 child=1 sub=1.0 col=0.8,XGBoost,0.8,0.03,4,1,100,1.0,1.0,0.8026291526727303,0.008656697304857783,0.8183796318809211,0.0031961533856004515,0.7037260549181584,0.011842698534365785,0.7265700006094344,0.00836853975134165,0.6758039018121698,0.02421847079607954,0.7115214161539758,0.006322465688090495,0.49297658862876254,0.021003770525896436,0.5309364548494984,0.020143388189167933,0.5698941736440706,0.02014597602647764,0.6078550958073998,0.012748637512123887,0.8496844189950551,0.01054277880219201,0.8741656286909507,0.0024643279631083675,0.669382751875342,0.019757086681662848,0.7134600990926832,0.005456948081591617,0.16347579956054686,0.059531545639038085
XGBoost trees=200 lr=0.03 depth=4 child=1 sub=0.8 col=0.8,XGBoost,0.8,0.03,4,1,200,1.0,0.8,0.8045815530629581,0.011566614642007752,0.827431891906684,0.002859686078450536,0.7165921426475551,0.015901777362507512,0.7469918036968088,0.005913893333829441,0.6660854258316619,0.028745225377941573,0.7181707061983532,0.0060195400028184,0.5290969899665552,0.027530589467901892,0.5755852842809365,0.013300360418159315,0.5894979372515291,0.025615076095209664,0.6389305989558534,0.008622225386942548,0.8489381599609311,0.010520556340588908,0.8884335530230455,0.0019374434777747656,0.6692480057267511,0.019410878205734353,0.7433142845722768,0.0043801020156392775,0.2862268924713135,0.068017578125
XGBoost trees=100 lr=0.1 depth=2 child=5 sub=1.0 col=0.8,XGBoost,0.8,0.1,2,5,100,1.0,1.0,0.8049361624331561,0.010768816141593163,0.8148741118272296,0.0028965145069366443,0.7144836993031094,0.013600451556004606,0.7273888782546518,0.00588262634127142,0.6706630804100279,0.0291568481438984,0.6939421536519639,0.006198747866623049,0.5217391304347825,0.02258453915201889,0.5409698996655518,0.01318845762751193,0.5866559937789126,0.022232798261558977,0.6078903832003492,0.008945500998125352,0.8499027874313885,0.011832840914690928,0.8636937243326273,0.002920862409575859,0.6691590110074556,0.01977011905537338,0.6984381048794926,0.005158831248613255,0.08763594627380371,0.05184488296508789
XGBoost trees=100 lr=0.1 depth=3 child=1 sub=0.8 col=0.8,XGBoost,0.8,0.1,3,1,100,1.0,0.8,0.8068890356358777,0.01258582838536576,0.8245032522612463,0.002959125368674146,0.718590417608608,0.017377321378580557,0.7428621246745615,0.005321090259946984,0.6733300007249674,0.0335767326295178,0.7118920068302531,0.00661976752974855,0.5304347826086956,0.03184115113153685,0.568896321070234,0.011287315739589437,0.5929077873644366,0.02783233816119761,0.6323517909670077,0.008016637723103735,0.8481096891852854,0.01114310303933531,0.8798746776930713,0.0023965815878177524,0.6691542482450374,0.019663206618709538,0.7294581699224686,0.004895118331575569,0.10619301795959472,0.04894695281982422
XGBoost trees=100 lr=0.1 depth=2 child=1 sub=1.0 col=0.8,XGBoost,0.8,0.1,2,1,100,1.0,1.0,0.8051144127432422,0.012238727447120876,0.8149628232844541,0.002625816746380728,0.715032114752161,0.015638906593594373,0.7273958824009379,0.004275399435169867,0.6707106882447724,0.03298651362536555,0.6943787446846199,0.007588737105909141,0.5230769230769231,0.025871678402426358,0.5408026755852843,0.009597555085138283,0.5874813810245815,0.025632180389303125,0.6079752821874752,0.006632979764109344,0.8498464365238046,0.011541068704246628,0.8637699965593478,0.002617944158519777,0.6691278686727665,0.02050174633865902,0.698413017483879,0.004029602721433718,0.0852696418762207,0.048623514175415036
XGBoost trees=100 lr=0.1 depth=2 child=1 sub=1.0 col=1.0,XGBoost,1.0,0.1,2,1,100,1.0,1.0,0.8052915598241768,0.009944090927248433,0.8158947168645678,0.0031458536381857487,0.7166483221199061,0.012573616781171797,0.7294188019036352,0.00614184122375375,0.6693024890301218,0.02784993755853868,0.6953028788387936,0.007246467261984658,0.5277591973244147,0.022124194526476543,0.5451505016722409,0.01377950774210879,0.5898613312288473,0.020426275251775133,0.6110344504284887,0.009307777630050678,0.8495799299532244,0.011832789913389454,0.8641627194274246,0.002855363017242473,0.6691133230611443,0.02124623757066862,0.6991903278804117,0.005136562249843593,0.09349489212036133,0.04916667938232422
XGBoost trees=200 lr=0.03 depth=4 child=5 sub=1.0 col=1.0,XGBoost,1.0,0.03,4,5,200,1.0,1.0,0.8047588577480571,0.011246456687722112,0.8269437820178765,0.0036347657926254708,0.7147905688584413,0.01418659924722226,0.7461788541477622,0.007545251724974881,0.6698480439369288,0.031508570850549034,0.7172554303749866,0.0049398383867667725,0.5230769230769231,0.02508138228662564,0.5740802675585284,0.016149032983957014,0.5870247146323514,0.02292832270558898,0.6376343440488295,0.011118185919636757,0.848963607592,0.011135054617992033,0.8847880607169607,0.0026986097723048683,0.6689814970321784,0.022119105524360083,0.7388157417753105,0.006813994102586549,0.18155522346496583,0.053337621688842776
XGBoost trees=200 lr=0.03 depth=4 child=1 sub=1.0 col=0.8,XGBoost,0.8,0.03,4,1,200,1.0,1.0,0.8049363200373207,0.00910193701653224,0.8267663098849093,0.003863229004960943,0.7164063381139244,0.01346423409873832,0.7459512527131333,0.007136361779057698,0.6677690712542071,0.023246832665726233,0.7168314337337859,0.006399952658877704,0.5277591973244147,0.02568074089692636,0.5737458193979933,0.014447231482578744,0.5892778908965661,0.02156821032423519,0.6372924983764278,0.010746152505417937,0.8489174436492389,0.010510075756352698,0.885830781711145,0.0021906613771620572,0.6689319382773447,0.020647837731917487,0.7378564199790385,0.0048332298105604595,0.22441749572753905,0.052377939224243164
XGBoost trees=100 lr=0.1 depth=3 child=5 sub=1.0 col=1.0,XGBoost,1.0,0.1,3,5,100,1.0,1.0,0.8068895084483714,0.012766022215172734,0.8230388733763057,0.003914813420829882,0.7179489538553205,0.017125154970029824,0.7399961626958594,0.006211065883071884,0.6736907604873739,0.03190610178524515,0.7101048600095721,0.009514281616168008,0.5284280936454848,0.028141383234732597,0.5630434782608695,0.01252060638617719,0.5920978786237066,0.028010744289248272,0.6280028460294085,0.009594257219109217,0.8483317315128496,0.011747588537856452,0.8779247673154013,0.0026216335665013783,0.6688954018292467,0.022098195546136908,0.7276617871647326,0.006100426033960119,0.11881556510925292,0.0517786979675293
XGBoost trees=100 lr=0.03 depth=4 child=5 sub=1.0 col=0.8,XGBoost,0.8,0.03,4,5,100,1.0,1.0,0.8036931383874887,0.007028563257079421,0.8186458450022236,0.003403607958127928,0.7053051013791775,0.009828674148447136,0.7271250460583121,0.008121317090520459,0.6781803025330999,0.0196246006397257,0.7117787248826626,0.006797841951442861,0.49565217391304345,0.018122029677784694,0.5321070234113712,0.019026837862717746,0.5725570791476331,0.01653517497703911,0.6087574428847018,0.012386239322383506,0.8498330904618692,0.010420371925189208,0.8730977877502694,0.0026206835082608734,0.6687493476778641,0.020485759428629194,0.713378850747939,0.005532060287617771,0.12058992385864258,0.058799362182617186
XGBoost trees=100 lr=0.1 depth=3 child=1 sub=1.0 col=1.0,XGBoost,1.0,0.1,3,1,100,1.0,1.0,0.8049363200373207,0.010008313180240674,0.823748909563729,0.004368542665508922,0.7164060460390831,0.01602544234957996,0.741280536534581,0.007215078276872601,0.6674686745109351,0.022878970595311077,0.7111035261403671,0.009245177447103464,0.5277591973244147,0.030899824648698566,0.5655518394648829,0.014175631740817894,0.5891360718619727,0.025500468343095398,0.6299582650919822,0.011167164830785,0.848021275981791,0.01177876882062506,0.8789794997319615,0.0025263247252618475,0.6687309109356543,0.02321255870197406,0.7269951062361243,0.004630372888950241,0.12832159996032716,0.05971989631652832
XGBoost trees=200 lr=0.1 depth=2 child=1 sub=0.8 col=0.8,XGBoost,0.8,0.1,2,1,200,1.0,0.8,0.8031610667280272,0.011382379837071093,0.8200214927425327,0.003680120647943977,0.7154118457467387,0.01676406282911712,0.7375152253375206,0.006310240620120328,0.661677731914182,0.026660137293883553,0.7006527454261399,0.00728631733334332,0.5284280936454849,0.030285569023870938,0.561705685618729,0.012562969880262861,0.5873331241526328,0.026723209180550364,0.6234793256115251,0.009644178591093218,0.8480035107005183,0.011820924667082936,0.8739209304053019,0.0024929414253631677,0.6686875052830944,0.020066733962202703,0.7162702638262134,0.004305978753522104,0.13469109535217286,0.07465620040893554
XGBoost trees=200 lr=0.03 depth=2 child=1 sub=0.8 col=0.8,XGBoost,0.8,0.03,2,1,200,1.0,0.8,0.8031609091238627,0.010890013019347847,0.8136315214290537,0.0028587340390441945,0.7109249583344006,0.014156316357860636,0.7241931770622367,0.0069016581022417044,0.6679339141720247,0.027954407886222825,0.6934258794247885,0.00514739815857414,0.51438127090301,0.023686864494482623,0.5336120401337793,0.01617325741220761,0.5809708318617463,0.023116938483464314,0.60296944665146,0.01060757299073476,0.8500473444526128,0.011900179511970945,0.8597717915281768,0.0027093575337218292,0.6686513342013786,0.020745800575643403,0.6900751948370103,0.005354891046187624,0.16154747009277343,0.06024746894836426
XGBoost trees=200 lr=0.03 depth=3 child=1 sub=1.0 col=1.0,XGBoost,1.0,0.03,3,1,200,1.0,1.0,0.8035164641190479,0.008531827637471574,0.8181133892285075,0.003292758385891282,0.7109534131641277,0.011502510735612832,0.7311958678048163,0.0067126265829800325,0.6694299227938701,0.024034722977477937,0.7023135147352763,0.006286509624333595,0.5137123745819399,0.02121572110656013,0.5459866220735786,0.014759360644559358,0.5810664346653132,0.018924265917461606,0.6142584201006205,0.010236618141636128,0.8489230262837466,0.011140556015031946,0.8705666599447234,0.002583869926192049,0.6686404522062996,0.022002687800256812,0.7104010346671024,0.004771053270444192,0.13719310760498046,0.04997186660766602
XGBoost trees=100 lr=0.03 depth=4 child=1 sub=1.0 col=1.0,XGBoost,1.0,0.03,4,1,100,1.0,1.0,0.8026283646519076,0.008618095009469872,0.8182464662580481,0.0038312848489427493,0.7039395840944129,0.012630007967559054,0.7272805388073336,0.00872235495688646,0.6753869940786512,0.02296611195547254,0.7095254572656454,0.006242005281362799,0.4936454849498328,0.023420924949848293,0.5334448160535118,0.019722518904204685,0.5701587310052221,0.021068035954552308,0.6088210996115407,0.013323311637854952,0.849185775443367,0.010095648702805741,0.8748351824999295,0.0022542868795035254,0.6685318552955394,0.021253282859090762,0.7153299771817524,0.005646325002888234,0.1126011848449707,0.056868886947631835
XGBoost trees=200 lr=0.03 depth=4 child=1 sub=0.8 col=1.0,XGBoost,1.0,0.03,4,1,200,1.0,0.8,0.8054687069051113,0.011226095426680741,0.8280087624712342,0.0031721797486219906,0.7186915878401605,0.015095902704100276,0.7484526644852731,0.0062816270077447976,0.667006522726386,0.02817510224478272,0.7182938884719405,0.00660417913250789,0.5337792642140469,0.025958003895561528,0.5789297658862875,0.013836213774874666,0.5927627491085128,0.024269106081599007,0.6410334227789634,0.009152587877501636,0.8484723294058742,0.010052549500246878,0.8895234929747036,0.0019945036246084786,0.6685276892480237,0.020122226062749847,0.7459753339556683,0.004086724074059938,0.16834402084350586,0.04735784530639649
XGBoost trees=200 lr=0.03 depth=3 child=5 sub=1.0 col=1.0,XGBoost,1.0,0.03,3,5,200,1.0,1.0,0.8035169369315416,0.010508217357259098,0.8176252301211818,0.004314166938877817,0.7103129716727845,0.013655505759449982,0.7299556316619006,0.008328654931533097,0.6705988928656271,0.03042540698049403,0.7020432714618471,0.0071148870794189144,0.5117056856187291,0.02439409033954576,0.5431438127090301,0.017294559831234634,0.5801181012106735,0.022611636886546337,0.6123507389497157,0.012891838048000342,0.8487586257564177,0.01134700741943916,0.8699669484506496,0.0025327178271913023,0.6685196771091321,0.02175294589789474,0.7095847773344917,0.005969611192717059,0.13844037055969238,0.044545316696166994
XGBoost trees=100 lr=0.1 depth=2 child=5 sub=1.0 col=1.0,XGBoost,1.0,0.1,2,5,100,1.0,1.0,0.805114885555736,0.01157091236822496,0.8155840791087275,0.0029933432523746102,0.7163143120716329,0.012404087787894227,0.7293675597517862,0.006604189710481504,0.6695088629038631,0.03416029232643686,0.6940273920708933,0.006595420025830925,0.5270903010033445,0.018269565596986826,0.5456521739130434,0.015431802000079358,0.5895108835667429,0.020818328900770317,0.6108252647636552,0.009866097006248215,0.8495731311542439,0.012040158524680405,0.8641244184769843,0.003025734438163933,0.6684927084835616,0.02143889473006523,0.6990628710001252,0.005074094109412716,0.09511303901672363,0.05904126167297363
XGBoost trees=200 lr=0.03 depth=2 child=5 sub=0.8 col=0.8,XGBoost,0.8,0.03,2,5,200,1.0,0.8,0.8044039331695301,0.012129260023696698,0.8134984542432171,0.0030083805567897616,0.7119849204006189,0.014559324854040148,0.7236752834010165,0.0068800096158529,0.6722386470462178,0.03363913648718025,0.6936698079690145,0.006302257691562178,0.5150501672240803,0.023554270049042137,0.5322742474916389,0.016088312335526,0.5829095100627881,0.023945645555649438,0.6022013045848873,0.010618281509578137,0.8500498510213174,0.012061809312111212,0.8596353388381596,0.0027079342837119653,0.6683083010980636,0.020497504095909617,0.6898174011670607,0.005519730421566781,0.1544443130493164,0.06615977287292481
XGBoost trees=100 lr=0.1 depth=4 child=1 sub=1.0 col=1.0,XGBoost,1.0,0.1,4,1,100,1.0,1.0,0.8058237890878029,0.01042463164794682,0.8372384749425571,0.003439626908881508,0.7174376993129951,0.013791126873526596,0.7608232578846836,0.005618800812381565,0.6701343119245996,0.027106826662864354,0.7388572197525944,0.007509994550064951,0.5290969899665552,0.023497214809699376,0.5979933110367893,0.01103425530857767,0.5911076344917305,0.0223822463264909,0.6609587024153224,0.00850560925440704,0.8478199431280465,0.009314646825916227,0.9008773274144806,0.002457084673866099,0.668215104561279,0.021038926339978305,0.7689641659971143,0.004264139184506099,0.13115229606628417,0.06233820915222168
XGBoost trees=200 lr=0.1 depth=2 child=5 sub=0.8 col=0.8,XGBoost,0.8,0.1,2,5,200,1.0,0.8,0.8052917174283414,0.013146866758121245,0.8209532091359806,0.0015922618234006543,0.7179300813271161,0.01755708800175524,0.7376687055782101,0.003677420392590335,0.6672481025787167,0.03268760510812409,0.7046004904198414,0.005242616841139037,0.5317725752508361,0.029079685778306545,0.560200668896321,0.009474391621548681,0.5916290929495552,0.02839660987004856,0.6240874171600297,0.005306098775365499,0.8478476067182372,0.011989902041822414,0.8730293045273454,0.002492083786295084,0.6680447425538024,0.019997001224701983,0.7159104979278341,0.004191101377432285,0.1351351261138916,0.050514936447143555
XGBoost trees=200 lr=0.1 depth=2 child=1 sub=1.0 col=1.0,XGBoost,1.0,0.1,2,1,200,1.0,1.0,0.8051134671182553,0.008972755275178337,0.8187346548964844,0.002941826503891862,0.7171681367018101,0.011852272999720876,0.7347165992641219,0.005067205077619682,0.6676763523057768,0.02415564284253036,0.6995066680517701,0.007633280473319193,0.5297658862876253,0.021320906288306643,0.5556856187290969,0.011137676123977713,0.5905323214009501,0.019042846900410287,0.6192807729391714,0.0076868023890206945,0.8480005176660248,0.012045594382454726,0.8725934561190997,0.0024640975116706496,0.6679727798680041,0.019886655385777777,0.7155089144159843,0.003675974698972851,0.1277853012084961,0.0543330192565918
XGBoost trees=200 lr=0.03 depth=2 child=5 sub=0.8 col=1.0,XGBoost,1.0,0.03,2,5,200,1.0,0.8,0.8035158337023898,0.008870352270802183,0.8130103935729277,0.0024606729814115936,0.7118078219439872,0.011113617435279579,0.7238238084800268,0.00581861529306818,0.6684246409545369,0.02493501376668946,0.6913034115642205,0.006284266991414414,0.5163879598662207,0.01991020209516683,0.5337792642140469,0.014234688926441728,0.5823787377717284,0.01810399550061275,0.6022797813803328,0.008860586257827834,0.8495188062106092,0.01201233428844845,0.8598774723399674,0.002698661502333429,0.6679212210352032,0.02020872368228404,0.6902329603971173,0.005381237197176471,0.1588283061981201,0.05397181510925293
XGBoost trees=200 lr=0.03 depth=2 child=1 sub=0.8 col=1.0,XGBoost,1.0,0.03,2,1,200,1.0,0.8,0.8038706006767523,0.00958133661128408,0.8133653772136767,0.0024529783306294515,0.7120493678377071,0.011968141073153088,0.7241188187725094,0.005686808956957048,0.6696190185938121,0.026442924131614722,0.6924054590837999,0.006084452613096919,0.5163879598662208,0.021003770525896418,0.5339464882943143,0.01375513359376505,0.5828196744267317,0.019513579378499263,0.6028164951685058,0.008704633268721517,0.8494521296270736,0.012030783969300797,0.860033069660919,0.002693414650979928,0.6678874762016137,0.019935979130273583,0.6907113909002401,0.005448396908622439,0.14389963150024415,0.04609160423278809
XGBoost trees=100 lr=0.1 depth=4 child=5 sub=1.0 col=0.8,XGBoost,0.8,0.1,4,5,100,1.0,1.0,0.8047588577480571,0.012531195721723587,0.8330230466695896,0.00459834806481103,0.7160720359908099,0.01660168461323369,0.7551234120053636,0.0076187517734022814,0.6675690018267051,0.03162127265462559,0.7295444480473561,0.009452815798966712,0.5270903010033445,0.027465505241000398,0.5891304347826087,0.014850025601534006,0.5888471923075713,0.026964218764742677,0.6517893189851292,0.01153481393761515,0.8480567327929969,0.011458612782301333,0.8945993165554398,0.003273588393604569,0.6676429145973768,0.021479875080927264,0.7589674716538377,0.0061135254959505635,0.10852890014648438,0.04728035926818848
XGBoost trees=100 lr=0.1 depth=3 child=5 sub=0.8 col=0.8,XGBoost,0.8,0.1,3,5,100,1.0,0.8,0.8072431721935821,0.012694622956888087,0.8245031439805064,0.002070455236502713,0.7205403429497851,0.02010488995264662,0.7422211537479486,0.004856238848194112,0.6712088426135226,0.027897097963556133,0.7129614523473061,0.003961227397942694,0.5357859531772575,0.03780299973496935,0.5668896321070235,0.011329354304986161,0.5955128762939312,0.0316324552511778,0.631520285238911,0.007087629995772004,0.8476875072127346,0.011236043401591678,0.8782213054712587,0.0022967050263548202,0.6674613463421339,0.020428762394019744,0.7269875834935717,0.004697492540574354,0.10073490142822265,0.05236892700195313
XGBoost trees=100 lr=0.1 depth=3 child=5 sub=1.0 col=0.8,XGBoost,0.8,0.1,3,5,100,1.0,1.0,0.8038707582809168,0.011115426462379433,0.8229058652526907,0.004071767912161632,0.713331127044917,0.014596081077305693,0.7391578109285388,0.007985397506088803,0.6675595177260217,0.02831826820714962,0.7110050374247201,0.010387656841297749,0.5204013377926422,0.024172991303802863,0.5607023411371237,0.018269565596986826,0.5846758411045289,0.023775699398799286,0.6267647057340022,0.011886119157412972,0.8479916440611485,0.011345418359794605,0.8773912366395029,0.002306849769211154,0.6672718256358661,0.021944679475377545,0.7263893268509245,0.004080889731491181,0.10213851928710938,0.0449885368347168
XGBoost trees=200 lr=0.1 depth=2 child=1 sub=1.0 col=0.8,XGBoost,0.8,0.1,2,1,200,1.0,1.0,0.8036942416166404,0.011766600536003787,0.8186459040644456,0.0029306743018089913,0.7159882779132556,0.01637330216223042,0.7341221068281231,0.0039798817076551135,0.6632991777970192,0.02928135760519855,0.7001151198628857,0.009175449395711546,0.5290969899665552,0.02872362615864063,0.5540133779264214,0.008730954837596408,0.5883757974356808,0.026292278327596872,0.6184828143979698,0.006211576266898829,0.8477129670542899,0.011986574319296119,0.8721264266716,0.0025475444121369146,0.6671239141020201,0.01998713451059237,0.7144630052468282,0.0035307217286057995,0.12753605842590332,0.056654739379882815
XGBoost trees=100 lr=0.1 depth=4 child=1 sub=1.0 col=0.8,XGBoost,0.8,0.1,4,1,100,1.0,1.0,0.8049364776414851,0.012229311207905507,0.8352416698150111,0.004204566496834511,0.7159794257988359,0.017363747657517102,0.7575414214759514,0.007632253087797389,0.6684453714307373,0.031089804362314892,0.735469182572672,0.00722581648962945,0.5264214046822742,0.031416772082454504,0.5919732441471572,0.01539914974343995,0.5886180499843052,0.027975566032927675,0.6558890493366536,0.011329173702820605,0.8476488356245969,0.010911454602297258,0.8992676334048275,0.0027612220681995313,0.6661848932086247,0.019486802202582035,0.7656313678538132,0.0062483722469409975,0.10606403350830078,0.049138545989990234
XGBoost trees=100 lr=0.03 depth=3 child=1 sub=0.8 col=1.0,XGBoost,1.0,0.03,3,1,100,1.0,0.8,0.8013858134187337,0.009284760141655343,0.811590409791414,0.0033857110751989157,0.6960433295273735,0.011916229318733552,0.7121216217778402,0.008324447886422727,0.682201226078534,0.027296691761495864,0.7040941741241196,0.004601341432060093,0.47157190635451507,0.01972960696154198,0.5001672240802676,0.01918636723647285,0.5574869464105954,0.020788490867153557,0.5846638983218087,0.013388449408579957,0.8487208269738679,0.011311022545661107,0.8624411153746753,0.0025496486831845487,0.6661565880556852,0.018111129726015744,0.6930504552999646,0.005020903711822617,0.12666964530944824,0.051144886016845706
XGBoost trees=100 lr=0.1 depth=4 child=1 sub=0.8 col=1.0,XGBoost,1.0,0.1,4,1,100,1.0,0.8,0.8040490085910029,0.010541866046631838,0.8396345997520568,0.0035732569428335035,0.7147345354235108,0.015272050465485007,0.7642701143649071,0.004580498969937969,0.6665609494838775,0.02814276997939436,0.7437516317563576,0.0089698533748943,0.5244147157190635,0.029110441668212615,0.6036789297658862,0.00730828541251243,0.586594922790363,0.024729489755243195,0.6664189651173246,0.007376668775852329,0.8462741404496285,0.01006053917259432,0.9050686974783423,0.0013455614620702238,0.6661239307435677,0.020872425226388377,0.777388775488,0.0032454371159273254,0.12043185234069824,0.057256031036376956
XGBoost trees=100 lr=0.1 depth=4 child=5 sub=1.0 col=1.0,XGBoost,1.0,0.1,4,5,100,1.0,1.0,0.8022740704900387,0.011023427242850919,0.8351972550241772,0.003567447149383685,0.7126722511376314,0.014853536081441665,0.7589532805976184,0.006813544028870154,0.6624153879263965,0.030883185649217177,0.7327579059754388,0.006756097804535468,0.5217391304347826,0.02798194068675836,0.5964882943143812,0.014487821817585622,0.5832352524378595,0.023922823418095745,0.6575502180458225,0.009936600607938032,0.8474138155033757,0.010629935103528228,0.8960333132611344,0.002190965001462154,0.6660581940781934,0.020188516320073888,0.7623101043737213,0.005556289048864251,0.13238825798034667,0.0649479866027832
XGBoost trees=100 lr=0.1 depth=4 child=5 sub=0.8 col=0.8,XGBoost,0.8,0.1,4,5,100,1.0,0.8,0.8061785560621655,0.011104060645237336,0.837060973278479,0.003626712709047306,0.7189614425261869,0.016229838477503797,0.7610229248057863,0.005322660787958645,0.6695952512658447,0.028315839553154847,0.737676604088106,0.008634331999988315,0.5331103678929765,0.030696438543367916,0.5989966555183946,0.009844940487983293,0.5931936401079397,0.025789536458070413,0.6611064125857299,0.008251315705469631,0.8463925191642613,0.010237219811316986,0.8966421942914721,0.002140364325060224,0.6659359368211974,0.018479866526814864,0.7635556663368159,0.005971991890014687,0.12477917671203613,0.05313291549682617
XGBoost trees=100 lr=0.1 depth=4 child=5 sub=0.8 col=1.0,XGBoost,1.0,0.1,4,5,100,1.0,0.8,0.8060010937729019,0.01374022347277479,0.8369720354160707,0.002518317008845316,0.7194821333326145,0.019482960272907107,0.7616033815920065,0.0029581265868447613,0.6686393854987773,0.03533897083825987,0.7362908487743584,0.008468430781201321,0.5351170568561873,0.03663696036823855,0.6010033444816053,0.006441926516474305,0.5938083865206866,0.030601929081587112,0.6617549648480651,0.004635270509399778,0.8468869647506303,0.010737037547474895,0.8979701002237628,0.0018447099845530057,0.665909304291382,0.021756770156410556,0.7656585450384438,0.005402617498274145,0.13727822303771972,0.06177225112915039
XGBoost trees=200 lr=0.03 depth=2 child=5 sub=1.0 col=0.8,XGBoost,0.8,0.03,2,5,200,1.0,1.0,0.8042255252552792,0.010709325843260117,0.8117678425495665,0.002290825520427699,0.7080179936076052,0.014405520857680956,0.7185982930674539,0.006265204415826205,0.6767207295120395,0.028754537646723796,0.6939779706685338,0.005130874237903534,0.5030100334448161,0.025259140586620994,0.5200668896321071,0.015543745871066564,0.5767860771728361,0.02382414123016361,0.5944053638385922,0.009728032661522982,0.8491443828703791,0.0117605763012954,0.8594842650480482,0.002834942310394391,0.6657539978198166,0.020347069301074102,0.6886830383959465,0.005541307659082491,0.1363832950592041,0.05457324981689453
XGBoost trees=200 lr=0.03 depth=2 child=1 sub=1.0 col=0.8,XGBoost,0.8,0.03,2,1,200,1.0,1.0,0.8038707582809167,0.010799271981769012,0.8120784310868885,0.0023371522818267246,0.7077764477138853,0.01458202103250736,0.7193438428777155,0.006793321703937393,0.675465135318942,0.02885994540768974,0.6941895911435824,0.004441681508983104,0.5030100334448161,0.025435656644590677,0.5217391304347826,0.016847359263887852,0.5763424218048014,0.024114230981946448,0.5955525294880368,0.01053679708332238,0.8491702222138604,0.011792905144441462,0.8595937715074304,0.0028084866483128984,0.6656790437811125,0.020591679038132207,0.6890566048968514,0.0056172014294627376,0.14044713973999023,0.05524921417236328
XGBoost trees=200 lr=0.1 depth=2 child=5 sub=1.0 col=1.0,XGBoost,1.0,0.1,2,5,200,1.0,1.0,0.8036948720332987,0.01278428857897301,0.8207315092425487,0.0032927161706170537,0.7151341612082373,0.01587194912757692,0.7371972630503975,0.005661969043115042,0.6648697029841709,0.034495275235441276,0.7043655950730818,0.008164612789423369,0.5264214046822743,0.025610956145921918,0.5591973244147157,0.012155706919990794,0.5873086712680877,0.02599792131096197,0.6233603944272472,0.008615974645366902,0.8473335970016983,0.012263659106529837,0.8723612756081323,0.0027877092554178685,0.6656786152939501,0.019608271120202476,0.7164749826877334,0.003676866602814722,0.12132959365844727,0.0429443359375
XGBoost trees=100 lr=0.03 depth=3 child=5 sub=0.8 col=1.0,XGBoost,1.0,0.03,3,5,100,1.0,0.8,0.8012086663377993,0.009472788333257829,0.8119454032758664,0.0030103769522195835,0.6957093194791002,0.0123371664359532,0.7122563665409976,0.007467702543078175,0.6820615413650211,0.028850851796380715,0.7055989645035877,0.003053987376853742,0.47090301003344487,0.02150894339908165,0.4998327759197324,0.017114140805352153,0.5568809257173077,0.021523450748533346,0.5849995531592789,0.011989484876913968,0.8485443126669185,0.011403626801673806,0.862295678922734,0.0026665036664700495,0.6656025291515674,0.01827693514221104,0.6927196841387239,0.0050430765509748045,0.11146249771118164,0.05216541290283203
XGBoost trees=100 lr=0.1 depth=4 child=1 sub=0.8 col=0.8,XGBoost,0.8,0.1,4,1,100,1.0,0.8,0.8031610667280272,0.010727154947350322,0.8383477126874904,0.002972033354664521,0.7145580211165617,0.01618450654269215,0.762486235817884,0.004621121888262046,0.6633712016285509,0.028466188639774133,0.7409984931128842,0.006844006869499904,0.525752508361204,0.0324535370453731,0.6008361204013378,0.008905369201133351,0.5860201922459061,0.025515267107716205,0.663565715882316,0.007027729791062834,0.8467458002910238,0.010469304875439855,0.902811960881569,0.00138064963252371,0.6655348705331328,0.022214734382259838,0.7726740788128831,0.003954012400930915,0.10818662643432617,0.05311450958251953
XGBoost trees=100 lr=0.03 depth=3 child=1 sub=0.8 col=0.8,XGBoost,0.8,0.03,3,1,100,1.0,0.8,0.8017410532055897,0.008504258710227556,0.8107917113652844,0.0025785723072452678,0.6960716383196799,0.010892113998426224,0.7097085765880002,0.007537708371912682,0.6840780035538367,0.02694198237919774,0.7045886613885732,0.004764990085008327,0.47090301003344487,0.019317095756780815,0.4943143812709031,0.018503780861034193,0.557563247837896,0.019024357526022783,0.5807792739826653,0.012048568769745981,0.8487026201613969,0.011534573935099197,0.862151439935667,0.0026440052692923697,0.665432956287051,0.018768602575734893,0.6923631509301624,0.005840246746888627,0.10725202560424804,0.04794645309448242
XGBoost trees=200 lr=0.03 depth=2 child=1 sub=1.0 col=1.0,XGBoost,1.0,0.03,2,1,200,1.0,1.0,0.804580607437971,0.0092530938826348,0.8123890786864326,0.002944706189415664,0.7086867438912547,0.011351969063673473,0.719395057672358,0.007595337092259298,0.6775471035060687,0.02663795702771236,0.6955021674961739,0.005207424699833965,0.5043478260869565,0.01999988814411511,0.5212374581939799,0.018108136557032174,0.5779639862904656,0.01892691834338601,0.5956996755576857,0.01181750501635555,0.8489633018414138,0.011847855176434077,0.8598066613222459,0.0029864190528682577,0.6653205310724813,0.02113072079497293,0.6894819711071357,0.005320583413688534,0.13210763931274414,0.0514862060546875
XGBoost trees=200 lr=0.03 depth=2 child=5 sub=1.0 col=1.0,XGBoost,1.0,0.03,2,5,200,1.0,1.0,0.8042255252552792,0.008964509921713867,0.8118122671841043,0.0029512674277854655,0.707590935255096,0.011192833038940982,0.7182546641090626,0.0075982801386724206,0.6778960727370074,0.027517489520218888,0.6947256477619359,0.005840800229127126,0.5016722408026756,0.021880170212436274,0.518896321070234,0.018254252908354755,0.5761717634529988,0.01850004777266129,0.5938729366390654,0.011791609637681494,0.8489374600558349,0.011689034412246653,0.8596964905966505,0.0029733816829496614,0.6650273507303068,0.020607095353320445,0.6891607421922622,0.005408460743083189,0.13344964981079102,0.05564303398132324
XGBoost trees=100 lr=0.03 depth=3 child=5 sub=0.8 col=0.8,XGBoost,0.8,0.03,3,5,100,1.0,0.8,0.8017408956014254,0.008263493859715337,0.8107029408458379,0.0026923750444866057,0.6954306126786542,0.011140511469910984,0.7091674391219387,0.0075550986468587095,0.6850557279080917,0.025755245201883725,0.7051152194474462,0.004755858076835828,0.4688963210702341,0.020442417110282447,0.49280936454849494,0.01833068843618024,0.5564675599905234,0.019457139137210908,0.5799264243548565,0.012129242146478331,0.8487542431685403,0.01134907651788616,0.8620551408004836,0.002739107557296346,0.6650127593880129,0.01856911027190946,0.6921717019941678,0.005854752326191182,0.12599124908447265,0.05848565101623535
XGBoost trees=200 lr=0.1 depth=2 child=5 sub=1.0 col=0.8,XGBoost,0.8,0.1,2,5,200,1.0,1.0,0.8024516903834666,0.012697134356698538,0.82011018451235,0.002393043553310774,0.7136474328643511,0.016454504923345412,0.7360800859347372,0.004649312055894429,0.6617244569239477,0.033302153593109375,0.7034011494778907,0.0062161682333460744,0.5244147157190635,0.028013901794477474,0.5570234113712373,0.010751871174366892,0.5847708116586678,0.02655818878514469,0.6216390124832274,0.006949568760341855,0.8472228752390496,0.012308911807715596,0.8718860902286878,0.0029035756343966236,0.6648786880784769,0.018923013371925562,0.715758693175612,0.00392012654813601,0.12767534255981444,0.05025463104248047
XGBoost trees=200 lr=0.1 depth=3 child=1 sub=1.0 col=1.0,XGBoost,1.0,0.1,3,1,200,1.0,1.0,0.8033401050589362,0.011609011139400311,0.8344428631081415,0.003288116909783863,0.7155332028432811,0.01400850449919712,0.7571580901965128,0.005005372578085645,0.6627302919515727,0.03091249810717276,0.7325130639051417,0.007844985704509365,0.5284280936454849,0.021257857634877184,0.5924749163879598,0.009615021077903031,0.5878399835711936,0.023158987347913135,0.6550547980914321,0.007633652460419917,0.8449804852978804,0.012221156032314167,0.8962165695182687,0.0026102899154873153,0.6645668968885472,0.0208862181445211,0.7607658973664765,0.005194918733728918,0.16849589347839355,0.05716691017150879
XGBoost trees=200 lr=0.1 depth=3 child=1 sub=1.0 col=0.8,XGBoost,0.8,0.1,3,1,200,1.0,1.0,0.8024516903834666,0.011823792677343828,0.8336442237442337,0.003882646289118774,0.7136472868269305,0.014657278333012854,0.7552257868802358,0.005530325110139412,0.6617246313115612,0.031586016796680584,0.7322690789905449,0.009087654196667896,0.5244147157190635,0.0239685255748079,0.5881270903010034,0.009701879400909904,0.5848448032939811,0.023845547405289963,0.6523035009505425,0.008685687292557179,0.8447078935091612,0.011790683666354967,0.8955993166033227,0.002030123199214745,0.6643149444011305,0.017950391614919868,0.7601989324656369,0.004147786617107234,0.1468134880065918,0.05563697814941406
XGBoost trees=100 lr=0.03 depth=3 child=5 sub=1.0 col=1.0,XGBoost,1.0,0.03,3,5,100,1.0,1.0,0.802272967260887,0.009914255696554158,0.8108804129788052,0.002795087536700187,0.6966476323739348,0.01643141317296722,0.7095018964015425,0.007215137846973408,0.6851303206712717,0.025825079295873226,0.7054100116268023,0.006312918112303846,0.47157190635451507,0.032632270013780516,0.49347826086956526,0.0173896963496397,0.5581637985900649,0.028529745761449087,0.5805080141310537,0.011650462269191112,0.8478105835458007,0.011011261011898832,0.8619244113630735,0.0026794610084972127,0.6639804757656445,0.019577128437763523,0.6919090482086329,0.005876566487996072,0.10878558158874511,0.052388477325439456
XGBoost trees=200 lr=0.1 depth=3 child=5 sub=1.0 col=1.0,XGBoost,1.0,0.1,3,5,200,1.0,1.0,0.8042267860885957,0.012645643420020086,0.8335110384339535,0.0035911549638694444,0.7163504507164147,0.015824517285114758,0.7563102475829979,0.005478672847065076,0.6651310820669188,0.03199149468453105,0.7297039001655785,0.007978497054134972,0.5290969899665552,0.024430745642474466,0.5918060200668898,0.01021847231936602,0.5892049307153536,0.025811359852882996,0.6535260492776713,0.008380570219883142,0.8446286567306128,0.011228992181246336,0.8926724779859946,0.0026110953553484593,0.6638430211462417,0.017194590215936313,0.7568256159345069,0.006305050471765784,0.17178425788879395,0.06174731254577637
XGBoost trees=200 lr=0.1 depth=3 child=5 sub=0.8 col=1.0,XGBoost,1.0,0.1,3,5,200,1.0,0.8,0.8063558607472643,0.009968413277213758,0.8350195564860261,0.0020816165916348866,0.7190819233982054,0.012401650000512911,0.7582982649021577,0.0038450383327306593,0.670262779016649,0.02662889627631787,0.7331808571221604,0.00634840251667754,0.5331103678929765,0.020573319731410956,0.5948160535117057,0.009168394757105555,0.5936541690859093,0.020103742267680646,0.6567281987245941,0.005449209167258112,0.8442721100312938,0.011402504205931833,0.8952429920636579,0.001744193494445971,0.6637369756844311,0.019349209373802013,0.7604142957192332,0.003542886082623665,0.16898784637451172,0.055224370956420896
XGBoost trees=100 lr=0.03 depth=3 child=5 sub=1.0 col=0.8,XGBoost,0.8,0.03,3,5,100,1.0,1.0,0.8010304160277132,0.008251798721515755,0.8104811228279623,0.002859195718388175,0.6947338456775395,0.012128855744830786,0.7076277846689879,0.008437833432369838,0.682865112940301,0.025439560552602207,0.7068949245845259,0.00539173152739572,0.46822742474916385,0.02448562570932861,0.4884615384615385,0.020774857999303384,0.5551114082848423,0.021059480331264542,0.5774215797711328,0.013653349550929283,0.847992968654743,0.011390398031951507,0.8617337348830787,0.00260525378903457,0.6636847651994925,0.02163923213883035,0.6913610471082196,0.005613279320732378,0.10554537773132325,0.061824893951416014
XGBoost trees=100 lr=0.03 depth=3 child=1 sub=1.0 col=1.0,XGBoost,1.0,0.03,3,1,100,1.0,1.0,0.8022728096567222,0.00951199681555418,0.8104811326716657,0.003513661689278273,0.6960066067329091,0.01568647522296415,0.7086959692369197,0.008363470449226527,0.6863591646916782,0.02548865513258466,0.7048488797226895,0.007283419802791779,0.4695652173913044,0.03155886585173365,0.4918060200668896,0.01951154631474394,0.5571394042978441,0.02732434513469077,0.5791286434596141,0.013482059444768062,0.8478142315507995,0.01098384752840674,0.8620516322768953,0.0027356584238157305,0.6636137901414236,0.020151889537324708,0.6918881249033177,0.006038574408563767,0.12863149642944335,0.057264280319213864
XGBoost trees=100 lr=0.03 depth=3 child=1 sub=1.0 col=0.8,XGBoost,0.8,0.03,3,1,100,1.0,1.0,0.8015631181038329,0.0077182186292933585,0.8105255179313889,0.003397891345606943,0.6950961645181193,0.010677635151673592,0.7073375289186715,0.008509661267191274,0.6848736718229802,0.024664843939104307,0.7075788981200241,0.005801314873244219,0.4682274247491639,0.021046331401407735,0.4874581939799332,0.0199270489762759,0.5558573361031223,0.018618927557120492,0.5770028078870391,0.013921893526527427,0.8478636615545364,0.011303633184198048,0.861890877985308,0.0026593496050451764,0.6634374827966806,0.021844422335729197,0.6914577512087277,0.00539904754217051,0.11203641891479492,0.0578770637512207
XGBoost trees=200 lr=0.1 depth=3 child=1 sub=0.8 col=1.0,XGBoost,1.0,0.1,3,1,200,1.0,0.8,0.8038710734892458,0.010558072677461007,0.8373713452543209,0.002308037295839757,0.7152549341550971,0.012257532601108607,0.7626762659876917,0.0038238210785891506,0.6658977031588538,0.031178903260705403,0.7361374459309321,0.006254038434848629,0.5264214046822743,0.022144408504678043,0.6035117056856187,0.0084012419311575,0.5875272253426683,0.019793824174256618,0.6632141471464663,0.005583519343040623,0.8431177867893123,0.01204142670202007,0.8999417037376027,0.0011063303718374146,0.662954314645938,0.02148119172722131,0.7679740649033437,0.0033499648681442444,0.17310152053833008,0.06061568260192871
XGBoost trees=200 lr=0.1 depth=3 child=1 sub=0.8 col=0.8,XGBoost,0.8,0.1,3,1,200,1.0,0.8,0.8026291526727303,0.013537867659590237,0.8359958550132702,0.0038492835749484654,0.7124865926414216,0.017495526510938116,0.7588559338369754,0.006381355030123203,0.664213941458112,0.03636281877066365,0.73656984715244,0.006383900530973082,0.5204013377926421,0.030329856986634453,0.5944816053511707,0.011824528113487416,0.5831004669724164,0.0281505813079417,0.6579191018306798,0.009681218943056466,0.8432164455679654,0.012020723580401236,0.8982536346942916,0.002236566274546567,0.6619359794226531,0.0221002044007723,0.7643426317561361,0.005206545530953363,0.15688810348510743,0.05419411659240723
XGBoost trees=200 lr=0.1 depth=3 child=5 sub=0.8 col=0.8,XGBoost,0.8,0.1,3,5,200,1.0,0.8,0.8031612243321918,0.010274640546557494,0.8335552563507147,0.0012268705433284538,0.713916995475536,0.014181402603061688,0.755485657893393,0.0038057206272238673,0.6643322867984018,0.02844833626926059,0.7314203242288339,0.0033863075281790915,0.5237458193979933,0.027465505241000394,0.5891304347826087,0.009730659883596093,0.5852450882129416,0.022452094735020522,0.6525461965158034,0.005152912849824129,0.8439024302209273,0.011579488038848501,0.8936824147842358,0.001913964378653215,0.6608851128835209,0.020465247172449193,0.7578585464134906,0.003811422346098873,0.1452955722808838,0.05033884048461914
XGBoost trees=200 lr=0.1 depth=3 child=5 sub=1.0 col=0.8,XGBoost,0.8,0.1,3,5,200,1.0,1.0,0.8003210396831527,0.012587383659556745,0.8324461367302248,0.003170850783043846,0.7115561095990622,0.015906640164502227,0.7535023951163992,0.00482426344390082,0.6555632085763554,0.031185577088528794,0.7298538248586902,0.008576994404853438,0.5224080267558529,0.024703926839624586,0.5852842809364549,0.009850619715734563,0.5813075029376996,0.02580940397328659,0.6495649833784627,0.007343981034496754,0.8432627672702144,0.011513045979919279,0.8913387382895724,0.0028234731011811164,0.6606277854384408,0.018711461815610494,0.7546773400093583,0.005720039484054747,0.15430617332458496,0.05576658248901367
XGBoost trees=200 lr=0.1 depth=4 child=5 sub=1.0 col=0.8,XGBoost,0.8,0.1,4,5,200,1.0,1.0,0.7980141875268911,0.013815068485683769,0.8501067844971117,0.0039216721042756204,0.7078498933028138,0.01735462490762552,0.7786079588594756,0.006570679851200536,0.6513738257323025,0.035584374582730824,0.7661491611667437,0.007470962388794135,0.5157190635451505,0.028173163463080502,0.6262541806020067,0.012724422996486143,0.5753390358261913,0.02810299540500611,0.6891254994093373,0.009713895790003256,0.8424543168085202,0.01043323056389803,0.9136103467272825,0.0026558582705659365,0.658342991556258,0.01535570113165041,0.7980986473776654,0.004831037359526391,0.1627274990081787,0.052836370468139646
XGBoost trees=200 lr=0.1 depth=4 child=1 sub=1.0 col=0.8,XGBoost,0.8,0.1,4,1,200,1.0,1.0,0.7987245094964389,0.014301449058880734,0.8562746621690127,0.004770082143741319,0.7094017992708913,0.018840571573806947,0.7875594205536066,0.007427554505134151,0.6524010128132269,0.037697546455517074,0.7781599987116483,0.009700387238312019,0.5190635451505016,0.03279638975821071,0.6411371237458193,0.013773418248812048,0.5776545856150643,0.0304958778219048,0.7029819119288531,0.011102465124983038,0.8424804770435914,0.00982485848069676,0.9246097580752288,0.0037057229116019058,0.657319154953588,0.01582162119149998,0.8168081682593705,0.008163056914880056,0.17926387786865233,0.058335733413696286
XGBoost trees=200 lr=0.1 depth=4 child=1 sub=1.0 col=1.0,XGBoost,1.0,0.1,4,1,200,1.0,1.0,0.7999675335421064,0.013701010347206666,0.8575172328797814,0.00423246390119541,0.7106748524011024,0.01642430689657947,0.7907017576570154,0.007212812258523638,0.6560734558642232,0.037956909494794,0.7777530428155064,0.008527069721462091,0.5204013377926422,0.02688929932072477,0.6483277591973244,0.014390989949130534,0.5799715530543895,0.026729258514535507,0.7070925520098041,0.010432384478897092,0.841396270811871,0.009886890842302428,0.9257006632833665,0.0023057062232413267,0.6566911976793838,0.01802525795888296,0.818976706053616,0.0048288750075505225,0.1839280128479004,0.06900100708007813
XGBoost trees=200 lr=0.1 depth=4 child=1 sub=0.8 col=1.0,XGBoost,1.0,0.1,4,1,200,1.0,0.8,0.7957063897456427,0.009675142466656718,0.8629749660835191,0.0036971858229508637,0.7064929360576276,0.013583481475803643,0.7984222096014311,0.00573162281087839,0.6438554904256965,0.025425099614025715,0.7885604857392787,0.008619539275015917,0.5163879598662208,0.026300472577040115,0.6608695652173913,0.011150222794762315,0.5727378864183263,0.02156722597999294,0.7190373119209917,0.008386116560437258,0.8401412740609349,0.008978854016224848,0.9324111474735044,0.0005995308222982521,0.6563070523762728,0.020257468603693603,0.8331687562137329,0.001817517761767219,0.1984485626220703,0.06010866165161133
XGBoost trees=100 lr=0.03 depth=2 child=5 sub=0.8 col=0.8,XGBoost,0.8,0.03,2,5,100,1.0,0.8,0.798722775850629,0.006133862533203389,0.8012957759289552,0.0037447533884457707,0.6822665075083454,0.006334031163869124,0.6857268230309181,0.008669130000645961,0.6932962829520206,0.023014544274675468,0.7000916727964708,0.007408220820347322,0.43411371237458196,0.010232146181122637,0.43946488294314384,0.01987505856140605,0.533745505558398,0.01150464592636111,0.5397157237037387,0.01537456932443778,0.8452857171827395,0.01022500662761025,0.8520043816710686,0.0028015630720109393,0.6560471535998076,0.015350479569058731,0.6702132454413818,0.005322375280508519,0.10986089706420898,0.053585386276245116
XGBoost trees=100 lr=0.03 depth=2 child=1 sub=0.8 col=0.8,XGBoost,0.8,0.03,2,1,100,1.0,0.8,0.798722775850629,0.006133862533203389,0.8012957759289552,0.0037447533884457707,0.6822665075083454,0.006334031163869124,0.6857268230309181,0.008669130000645961,0.6932962829520206,0.023014544274675468,0.7000916727964708,0.007408220820347322,0.43411371237458196,0.010232146181122637,0.43946488294314384,0.01987505856140605,0.533745505558398,0.01150464592636111,0.5397157237037387,0.01537456932443778,0.845284909336941,0.010225447643613142,0.852014028242899,0.002807013638510032,0.6560275107414009,0.015365572816623587,0.6702121601773199,0.0053221627172797825,0.11271286010742188,0.04901013374328613
XGBoost trees=200 lr=0.1 depth=4 child=5 sub=1.0 col=1.0,XGBoost,1.0,0.1,4,5,200,1.0,1.0,0.8013859710228983,0.012416679216851046,0.8520592043649344,0.004311641801628693,0.711000010334956,0.01585663159841821,0.7820197581319926,0.00806978571854747,0.6612797448483351,0.034444098662248235,0.7687103379851502,0.0049738289771449114,0.5183946488294314,0.02877031861887164,0.6327759197324415,0.016121303351163928,0.5806228710118901,0.025605818230756215,0.6940837006702132,0.011559535574274884,0.8411867413026315,0.010873162840316971,0.9155765116239302,0.002171486543979348,0.6552195924798953,0.01807382594077333,0.8016383210282237,0.00408483899693934,0.18227086067199708,0.048891210556030275
XGBoost trees=200 lr=0.1 depth=4 child=1 sub=0.8 col=0.8,XGBoost,0.8,0.1,4,1,200,1.0,0.8,0.7987235638714518,0.011778553603973115,0.8636404201371464,0.003758257205387674,0.7074790144226556,0.016034591380732814,0.7984477850820115,0.006695142976665788,0.655047133196744,0.033110610586550855,0.7920307435939374,0.011066807833971732,0.5130434782608695,0.031416772082454504,0.6595317725752509,0.015266010757227033,0.5747177292753827,0.025715935089399043,0.7195745708257073,0.009104915135378474,0.8402487571140981,0.010006187554028274,0.9308817151535422,0.0004414950751815951,0.6551345913692679,0.020740145206253995,0.8302953898515518,0.001088991198763223,0.20330276489257812,0.05348634719848633
XGBoost trees=100 lr=0.03 depth=2 child=1 sub=0.8 col=1.0,XGBoost,1.0,0.03,2,1,100,1.0,0.8,0.7985448407488718,0.006887190656432049,0.8030706941326997,0.0024124314356172194,0.6827861760528288,0.009371028211549995,0.6903531370606698,0.007569745346671923,0.6910171776204369,0.022623149278940748,0.7008534207835264,0.0055104310391297096,0.4361204013377926,0.01713210498309791,0.45016722408026755,0.01901213510349963,0.5345596860174463,0.017005225842069198,0.5479209402467697,0.013204756067049132,0.8449361915132585,0.010305564321961417,0.85232280858847,0.002925308609295668,0.6547959285714011,0.014997541764790335,0.6708912640592332,0.006041400077842226,0.09292659759521485,0.05160951614379883
XGBoost trees=100 lr=0.03 depth=2 child=5 sub=0.8 col=1.0,XGBoost,1.0,0.03,2,5,100,1.0,0.8,0.7987223030381354,0.006593775869577938,0.803159444964739,0.0024153713040537613,0.6831206242133638,0.008735022255197821,0.6905737708252875,0.007569884109043303,0.6913854361141409,0.022144753162073465,0.7009042837586714,0.005513132010673451,0.4367892976588629,0.015913548165043895,0.4506688963210702,0.019007722058037226,0.5351799449454808,0.015824612835209972,0.5483085697028752,0.013212237500388347,0.8449030698355244,0.010324752470912045,0.8522892223567038,0.002904455637863502,0.654708193683493,0.015069175287196136,0.6707315993798166,0.00596631885278873,0.11235918998718261,0.052669858932495116
XGBoost trees=200 lr=0.1 depth=4 child=5 sub=0.8 col=1.0,XGBoost,1.0,0.1,4,5,200,1.0,0.8,0.7992557931350778,0.010145310116176432,0.8561856750880864,0.0020868186484500296,0.7121136692373746,0.01358655723919515,0.787926183888014,0.003691375051858685,0.6510206750533595,0.02656662038383716,0.7770261953463062,0.006473724229420415,0.5264214046822743,0.025347552269560408,0.6424749163879598,0.008601887056596464,0.5817574624717734,0.02160806688146257,0.7033190369388306,0.005085625472036666,0.840636991491596,0.009844238171379567,0.9198536106251959,0.0011005880050271206,0.6547052415344219,0.018276576689129936,0.8111357613842941,0.0031064186287202374,0.2025527000427246,0.06074357032775879
XGBoost trees=200 lr=0.1 depth=4 child=5 sub=0.8 col=0.8,XGBoost,0.8,0.1,4,5,200,1.0,0.8,0.8004992899932388,0.010934524397384402,0.8556089521790909,0.002276433421908399,0.7112508464553573,0.012199408147426455,0.7876404182268693,0.0045615040227131925,0.6577078762990922,0.033070278964633326,0.774784893839102,0.006700896593802503,0.5210702341137124,0.022124194526476543,0.6428093645484949,0.010829615290095096,0.5809314477497078,0.019702617607066087,0.7025738514468678,0.0061589439902880756,0.8401359473582278,0.008895985982716854,0.9182950020734262,0.0010015959199766672,0.6544104035414922,0.01786122014035062,0.8078766605908433,0.0021502182496751735,0.1950822353363037,0.06027035713195801
XGBoost trees=100 lr=0.03 depth=2 child=5 sub=1.0 col=0.8,XGBoost,0.8,0.03,2,5,100,1.0,1.0,0.7965927555669732,0.006909113524628806,0.8005857791163464,0.0033395952131564524,0.6763297605840058,0.006767908394317394,0.6817718281886634,0.008106268657956906,0.6931820831995944,0.02691677842103611,0.7041711656470607,0.006479570125407168,0.42006688963210703,0.008873912482556248,0.42859531772575254,0.018819954011850725,0.5229727188929817,0.012380136165310541,0.5326148264174752,0.014705433744001347,0.8444765448370731,0.010191026232833224,0.8513965265207188,0.0030108451274645223,0.6525410739462879,0.016759164808107484,0.6675315388123305,0.006721023732890237,0.10106472969055176,0.05319943428039551
XGBoost trees=100 lr=0.03 depth=2 child=1 sub=1.0 col=0.8,XGBoost,0.8,0.03,2,1,100,1.0,1.0,0.7967703754604012,0.007009674132341119,0.8005858283348648,0.003856730489586921,0.6775189095992419,0.006582956063871177,0.6822525609431576,0.00917771467967817,0.6922552324357871,0.028799785605530696,0.7031960756671575,0.007980027656790047,0.4234113712374582,0.011312063227617224,0.43010033444816054,0.02126837872319016,0.5251391962777883,0.012072976294514657,0.5334269610982012,0.016528670908601537,0.8443908614099799,0.010216134098142454,0.8514528993229481,0.0029569466773807273,0.6525384467116458,0.016216691940556804,0.6675258426933657,0.006608670460259944,0.12079262733459473,0.056809425354003906
XGBoost trees=100 lr=0.03 depth=2 child=5 sub=1.0 col=1.0,XGBoost,1.0,0.03,2,5,100,1.0,1.0,0.7978348339876533,0.007099707859759721,0.8020944645113811,0.0032676122281146878,0.6818754417631974,0.009101320728305093,0.6873386226457511,0.008679283012972092,0.6892238511572801,0.02524530121296434,0.7013568733397536,0.005648096679715785,0.43478260869565216,0.01731395198066191,0.44280936454849495,0.020675010730929835,0.5329256574920491,0.016661554961621337,0.5425711424106944,0.01518461291212715,0.8439440523510647,0.01034630360133127,0.8515768625333212,0.003051211726548869,0.6517601792337734,0.01686317400305652,0.6675993831471349,0.006336336452770764,0.11739892959594726,0.05672540664672852
XGBoost trees=100 lr=0.03 depth=2 child=1 sub=1.0 col=1.0,XGBoost,1.0,0.03,2,1,100,1.0,1.0,0.7978348339876533,0.007099707859759721,0.8020944645113811,0.0032676122281146878,0.6818754417631974,0.009101320728305093,0.6873386226457511,0.008679283012972092,0.6892238511572801,0.02524530121296434,0.7013568733397536,0.005648096679715785,0.43478260869565216,0.01731395198066191,0.44280936454849495,0.020675010730929835,0.5329256574920491,0.016661554961621337,0.5425711424106944,0.01518461291212715,0.8439294935435928,0.010333416309289233,0.8515900405179074,0.0030367848202936397,0.6516327998432911,0.016830043569531467,0.667635972156489,0.006340072917243698,0.09870676994323731,0.05009903907775879
